day, month, hour, weekend, publicHoliday, daysBeforeBooking, weatherCondition, occupancyRate, target_multiplier
  5,     2,    6,       1,             0,                 7,              1.0,            93,              1.28
  5,     9,    8,       1,             0,                 1,              1.0,            76,              1.39
  4,     1,   23,       1,             0,                20,              2.0,            83,              0.77
  4,     5,    6,       1,             0,                 5,              2.0,            80,              1.42
  1,     6,    9,       0,             1,                 3,              1.0,            81,              1.68
  6,     1,   20,       0,             0,                29,              1.0,            87,              0.79
  5,    10,   17,       1,             0,                22,              1.0,            91,              0.77
  2,     2,   13,       0,             0,                12,              1.0,            30,              0.85
  1,     6,   17,       0,             0,                 8,              2.0,            91,              1.72
  4,    11,   11,       1,             0,                 7,              1.0,            82,              1.42
  5,    12,   23,       1,             0,                10,              2.0,            94,              1.24
  6,     1,   16,       0,             0,                 2,              1.0,            66,              1.25
  2,     4,   21,       0,             0,                29,              2.0,            74,              0.78
  1,    12,   23,       0,             0,                23,              1.0,            67,              0.82
  1,     3,   22,       0,             0,                24,              1.0,            73,              0.75
  1,    11,   19,       0,             0,                12,              1.0,            84,              1.62
  4,     1,    9,       1,             0,                17,              2.0,            94,              0.89
  0,     5,   19,       0,             0,                 0,              3.0,            28,              0.72
  4,     3,   22,       1,             0,                27,              2.0,            96,              0.89
  4,     4,   10,       1,             0,                 5,              1.0,            94,              1.94
  0,    10,   16,       0,             0,                 3,              3.0,            28,              0.8
  6,     5,   13,       0,             1,                28,              1.0,            72,              0.73
  3,     2,   23,       0,             0,                 4,              2.0,            65,              0.97
  4,    10,   19,       1,             0,                29,              1.0,            93,              0.91
  5,     5,   18,       1,             0,                20,              1.0,            98,              0.86
  0,     4,   13,       0,             1,                 0,              1.0,            77,              1.67
  0,     2,    7,       0,             0,                28,              1.0,            51,              0.72
  1,     5,   21,       0,             0,                 4,              2.0,            98,              1.66
  3,     4,   21,       0,             0,                 6,              1.0,            91,              1.54
  3,     7,   20,       0,             0,                 1,              2.0,            90,              1.87
  3,    12,   16,       0,             0,                 3,              1.0,            42,              1.11
  1,     7,   11,       0,             0,                 7,              3.0,             2,              0.63
  6,     9,    9,       0,             1,                17,              2.0,            72,              0.98
  6,     4,   11,       0,             0,                15,              1.0,            22,              0.97
  1,     7,    6,       0,             0,                 8,              3.0,            25,              0.64
  3,    12,   23,       0,             0,                15,              1.0,            48,              0.77
  0,    10,   23,       0,             1,                10,              1.0,            88,              1.58
  6,     9,   11,       0,             1,                16,              1.0,            75,              0.72
  0,    11,   13,       0,             0,                30,              3.0,             7,              0.67
  0,    10,    8,       0,             0,                18,              1.0,            50,              0.98
  1,    11,   16,       0,             0,                12,              1.0,            49,              1.08
  6,     2,    6,       0,             0,                18,              3.0,             2,              0.66
  4,     5,   10,       1,             0,                28,              1.0,            77,              0.81
  1,     8,   23,       0,             0,                19,              3.0,            25,              0.7
  0,    11,   23,       0,             0,                21,              1.0,            38,              0.78
  0,    12,   23,       0,             0,                 9,              2.0,            51,              0.98
  5,     5,   22,       1,             0,                28,              3.0,             1,              0.53
  3,     5,    7,       0,             1,                24,              1.0,            78,              0.75
  3,     9,   19,       0,             0,                 3,              1.0,            98,              1.75
  1,     9,    7,       0,             0,                18,              1.0,            57,              0.74
  2,     6,    7,       0,             0,                 6,              2.0,            36,              1.04
  4,     7,   10,       1,             0,                 7,              3.0,            25,              0.74
  3,     1,   11,       0,             0,                10,              2.0,            23,              0.84
  6,    12,   13,       0,             0,                25,              2.0,            22,              0.96
  6,     8,   13,       0,             0,                29,              1.0,            19,              0.95
  6,     4,   13,       0,             1,                 6,              1.0,            78,              1.89
  6,     5,   17,       0,             0,                12,              2.0,            96,              1.63
  0,     2,   14,       0,             0,                30,              3.0,             1,              0.53
  3,     6,   16,       0,             0,                16,              1.0,            66,              0.76
  0,    12,   19,       0,             1,                29,              2.0,            91,              0.92
  5,    12,   12,       1,             0,                 2,              3.0,            29,              0.6
  2,    11,    9,       0,             0,                 9,              1.0,            31,              0.72
  3,    12,   15,       0,             0,                 6,              1.0,            54,              1.17
  1,    10,   15,       0,             0,                26,              1.0,            48,              0.76
  6,    10,   16,       0,             0,                14,              2.0,            62,              0.84
  6,    12,   11,       0,             0,                 9,              1.0,            30,              0.79
  0,     4,   15,       0,             0,                 6,              1.0,            32,              1.0
  3,    10,    8,       0,             0,                28,              2.0,            42,              0.92
  3,     8,   18,       0,             0,                20,              2.0,            98,              0.93
  6,     2,   19,       0,             0,                25,              3.0,            16,              0.64
  4,     4,    9,       1,             0,                25,              1.0,            86,              1.0
  4,     6,   20,       1,             0,                23,              3.0,            13,              0.75
  4,     8,   11,       1,             0,                15,              1.0,            94,              0.77
  5,     5,   22,       1,             0,                 7,              1.0,            72,              1.77
  1,     5,   16,       0,             0,                17,              1.0,            39,              0.77
  5,     3,   12,       1,             1,                13,              1.0,            84,              1.53
  1,     7,   18,       0,             0,                18,              3.0,             0,              0.76
  6,    10,   18,       0,             0,                30,              1.0,            94,              0.82
  6,     7,   23,       0,             0,                17,              2.0,            44,              0.85
  2,     7,   21,       0,             1,                10,              2.0,            95,              1.52
  1,     8,   10,       0,             0,                17,              1.0,            22,              0.88
  5,     1,    8,       1,             0,                 4,              3.0,             5,              0.52
  3,     6,   12,       0,             0,                10,              2.0,            22,              0.68
  6,     7,   14,       0,             0,                15,              1.0,            27,              0.72
  2,     4,    8,       0,             0,                20,              1.0,            31,              0.98
  1,     1,   10,       0,             0,                15,              2.0,            28,              0.98
  3,    12,   14,       0,             0,                 5,              2.0,            40,              0.82
  0,     3,   15,       0,             0,                 0,              3.0,            18,              0.7
  3,     7,   12,       0,             1,                22,              2.0,            77,              0.73
  6,     5,    9,       0,             0,                18,              2.0,            21,              0.86
  5,     6,    8,       1,             0,                10,              1.0,            83,              1.86
  0,     7,   17,       0,             0,                26,              1.0,            74,              0.83
  5,     9,   14,       1,             0,                29,              1.0,            85,              0.84
  6,    12,   14,       0,             0,                 7,              2.0,            12,              0.68
  3,     4,   20,       0,             0,                21,              1.0,            70,              0.85
  2,     3,   21,       0,             0,                25,              1.0,            78,              0.96
  5,     5,   23,       1,             1,                30,              1.0,            77,              0.92
  3,     9,   13,       0,             0,                20,              2.0,            24,              0.94
  0,     5,   13,       0,             0,                 7,              1.0,            28,              0.71
  4,     9,   17,       1,             0,                23,              1.0,            81,              0.91
  2,     5,   14,       0,             0,                23,              1.0,            13,              0.92
  6,    12,   11,       0,             0,                23,              1.0,            33,              0.88
  6,     9,   15,       0,             0,                26,              1.0,            44,              0.81
  2,     1,   23,       0,             0,                 1,              3.0,            17,              0.59
  1,    11,   21,       0,             0,                 0,              1.0,            85,              1.58
  2,     3,    7,       0,             0,                27,              1.0,            34,              0.82
  0,    10,    7,       0,             0,                25,              1.0,            49,              0.73
  1,     2,   23,       0,             0,                19,              1.0,            69,              0.77
  4,     7,   20,       1,             0,                 9,              3.0,            13,              0.59
  4,     1,    9,       1,             0,                 6,              2.0,            78,              1.73
  1,     4,   11,       0,             0,                 5,              1.0,            24,              0.81
  3,     5,    7,       0,             0,                22,              1.0,            59,              0.72
  1,     5,   12,       0,             0,                17,              1.0,            14,              0.97
  6,     3,    8,       0,             1,                25,              1.0,            93,              0.95
  2,     8,    9,       0,             0,                 9,              2.0,            40,              0.68
  4,     8,   20,       1,             1,                 1,              3.0,            23,              0.6
  2,     1,    8,       0,             0,                21,              2.0,            66,              0.88
  0,    11,   14,       0,             0,                24,              2.0,            25,              0.86
  3,     5,   11,       0,             0,                13,              2.0,            25,              0.89
  3,     6,   19,       0,             0,                21,              1.0,            75,              0.8
  5,     8,   15,       1,             0,                12,              2.0,            87,              1.23
  0,     6,   14,       0,             0,                24,              1.0,            26,              0.95
  0,    11,   23,       0,             0,                 1,              1.0,            53,              1.15
  3,    11,   20,       0,             0,                 6,              1.0,            74,              1.94
  3,    12,   21,       0,             0,                20,              2.0,            77,              0.91
  2,     9,    6,       0,             0,                 2,              1.0,            37,              1.08
  0,    11,   10,       0,             0,                22,              1.0,            32,              0.78
  6,     8,   21,       0,             0,                17,              1.0,            76,              0.98
  4,    12,   10,       1,             0,                 8,              2.0,            97,              1.53
  6,     9,   14,       0,             0,                 9,              2.0,            36,              0.78
  5,     8,   10,       1,             0,                15,              1.0,            87,              0.93
  3,     8,   16,       0,             0,                22,              1.0,            54,              0.77
  6,     7,    7,       0,             0,                15,              2.0,            54,              0.82
  5,    11,   10,       1,             0,                 1,              1.0,           100,              2.21
  6,     2,   20,       0,             1,                29,              1.0,            93,              0.74
  6,    11,   10,       0,             1,                25,              3.0,            10,              0.69
  3,    11,    8,       0,             0,                27,              2.0,            64,              0.81
  2,    11,   21,       0,             0,                 1,              2.0,            77,              1.7
  2,     4,    8,       0,             0,                 3,              2.0,            36,              1.08
  5,     5,    6,       1,             1,                25,              1.0,            81,              0.81
  1,     4,   22,       0,             0,                21,              2.0,            75,              0.75
  4,     7,   13,       1,             0,                18,              1.0,            84,              0.89
  3,     5,    6,       0,             0,                14,              3.0,            21,              0.66
  0,     8,   17,       0,             0,                 9,              2.0,            83,              1.75
  3,     5,   12,       0,             0,                27,              1.0,            17,              0.81
  2,    10,   15,       0,             0,                 9,              1.0,            55,              1.01
  4,    11,    7,       1,             0,                23,              1.0,            98,              0.97
  6,     4,   17,       0,             0,                 6,              2.0,            91,              1.8
  6,    11,   10,       0,             0,                28,              2.0,            11,              0.79
  3,     1,   17,       0,             0,                 2,              3.0,            10,              0.72
  1,     4,   10,       0,             0,                28,              3.0,            16,              0.65
  2,     3,   14,       0,             0,                30,              1.0,            35,              0.79
  6,     6,    9,       0,             0,                 2,              1.0,            40,              0.67
  5,    12,   18,       1,             0,                25,              1.0,            72,              0.94
  0,     5,   23,       0,             0,                11,              2.0,            46,              1.13
  6,    11,   17,       0,             0,                 7,              1.0,            89,              1.91
  4,     6,   13,       1,             0,                20,              2.0,            99,              0.91
  5,     7,    9,       1,             0,                30,              1.0,            85,              0.73
  1,     9,   10,       0,             0,                11,              2.0,            33,              0.81
  4,     7,   10,       1,             0,                20,              1.0,            85,              0.88
  2,     1,   17,       0,             0,                14,              3.0,            27,              0.61
  5,     6,   23,       1,             0,                20,              1.0,            82,              0.78
  0,     8,    8,       0,             0,                20,              2.0,            31,              0.72
  2,     4,   10,       0,             0,                 6,              1.0,            34,              0.77
  4,     4,   13,       1,             0,                 4,              2.0,            89,              1.2
  6,     3,   10,       0,             0,                25,              1.0,            31,              0.96
  1,     1,   17,       0,             0,                 7,              1.0,            70,              1.34
  0,     3,   19,       0,             0,                23,              1.0,            84,              0.93
  4,    10,    9,       1,             0,                 7,              3.0,             1,              0.72
  6,    11,   22,       0,             0,                20,              3.0,             1,              0.8
  6,     7,   19,       0,             0,                15,              2.0,            84,              0.72
  0,     6,   10,       0,             1,                 8,              2.0,            88,              1.64
  2,     7,   22,       0,             0,                16,              2.0,            73,              0.94
  0,    11,   23,       0,             0,                 6,              1.0,            44,              1.07
  6,     8,   18,       0,             0,                 3,              1.0,            80,              1.73
  2,     3,   21,       0,             1,                26,              1.0,            83,              0.73
  5,     6,   10,       1,             0,                18,              3.0,            17,              0.6
  0,     7,   17,       0,             0,                30,              2.0,            97,              0.97
  0,     5,   15,       0,             0,                18,              1.0,            39,              0.9
  1,     2,   17,       0,             0,                11,              1.0,            78,              1.66
  6,     7,   23,       0,             0,                26,              2.0,            65,              0.71
  5,    12,   14,       1,             1,                 8,              2.0,            79,              1.94
  2,     1,   11,       0,             0,                18,              2.0,            12,              0.74
  5,     1,    8,       1,             0,                 6,              1.0,            84,              1.47
  2,     5,   16,       0,             0,                18,              1.0,            33,              0.75
  6,    10,    7,       0,             0,                 8,              1.0,            57,              1.09
  3,     7,   14,       0,             0,                16,              1.0,            23,              0.73
  5,    11,   21,       1,             0,                 9,              1.0,            82,              1.99
  0,     1,   12,       0,             0,                 6,              2.0,            34,              0.68
  2,     2,    6,       0,             0,                13,              1.0,            54,              1.11
  1,     9,   23,       0,             0,                25,              1.0,            55,              0.96
  0,     7,    6,       0,             0,                 2,              3.0,            18,              0.63
  3,    12,   19,       0,             0,                12,              1.0,            80,              1.34
  4,     8,   17,       1,             1,                27,              1.0,            83,              0.88
  4,     2,   18,       1,             0,                23,              1.0,            80,              0.93
  0,     9,    9,       0,             0,                 6,              3.0,            11,              0.61
  6,    11,   10,       0,             0,                 4,              1.0,            15,              0.78
  6,    11,    8,       0,             0,                24,              2.0,            59,              0.93
  6,    10,   20,       0,             0,                28,              1.0,            90,              1.0
  2,    11,   16,       0,             0,                 2,              1.0,            70,              1.02
  2,    10,    7,       0,             0,                 2,              1.0,            58,              0.92
  2,     5,    8,       0,             0,                27,              1.0,            68,              0.85
  3,    10,   23,       0,             0,                23,              3.0,            14,              0.77
  4,    11,   12,       1,             0,                15,              1.0,           100,              0.72
  0,     6,    8,       0,             0,                 5,              1.0,            58,              1.3
  4,     9,   11,       1,             0,                29,              1.0,            83,              0.93
  5,    10,    7,       1,             0,                20,              1.0,            80,              0.73
  5,     7,   15,       1,             0,                27,              2.0,            99,              0.88
  1,     6,    8,       0,             0,                 4,              3.0,             9,              0.79
  5,    11,   18,       1,             0,                22,              3.0,             9,              0.67
  5,     6,   10,       1,             0,                26,              3.0,            21,              0.77
  0,    11,   19,       0,             0,                 0,              1.0,            75,              1.96
  2,     8,   12,       0,             0,                 4,              1.0,            19,              0.85
  0,     9,   23,       0,             0,                28,              1.0,            51,              0.96
  4,     3,   18,       1,             0,                 5,              2.0,            94,              1.7
  1,    12,   20,       0,             1,                11,              2.0,            77,              1.98
  4,     5,   20,       1,             0,                 7,              1.0,            95,              1.83
  6,     4,   17,       0,             0,                18,              3.0,            14,              0.73
  6,     7,   22,       0,             0,                30,              1.0,            76,              0.94
  1,     5,    7,       0,             0,                27,              1.0,            36,              0.91
  4,     2,   15,       1,             1,                 5,              1.0,            98,              1.61
  6,     7,    8,       0,             0,                 7,              2.0,            52,              1.27
  3,     1,   18,       0,             0,                 7,              1.0,            72,              1.5
  0,     6,    9,       0,             0,                20,              1.0,            14,              0.74
  2,     8,   10,       0,             0,                15,              1.0,            10,              0.97
  0,     5,   12,       0,             0,                17,              3.0,            19,              0.66
  0,     5,   13,       0,             0,                 1,              1.0,            30,              0.84
  3,     2,    9,       0,             0,                15,              1.0,            10,              0.89
  4,     4,   10,       1,             0,                 0,              2.0,            77,              1.66
  1,    11,    8,       0,             0,                11,              1.0,            63,              1.12
  6,     9,   23,       0,             1,                27,              1.0,            90,              0.82
  2,     5,    6,       0,             0,                 2,              1.0,            70,              0.94
  4,    12,   16,       1,             0,                11,              1.0,            96,              1.71
  6,    11,   20,       0,             0,                15,              2.0,            95,              0.74
  5,     8,    7,       1,             0,                 1,              2.0,            98,              1.83
  2,     9,   18,       0,             0,                17,              1.0,            71,              0.93
  1,     5,   17,       0,             0,                 1,              3.0,            10,              0.58
  6,     6,   19,       0,             0,                23,              1.0,           100,              0.82
  1,     8,   21,       0,             0,                25,              1.0,            95,              0.72
  3,     2,   19,       0,             0,                26,              1.0,            79,              0.8
  0,     6,   15,       0,             0,                19,              2.0,            40,              0.91
  2,     8,    7,       0,             0,                29,              1.0,            57,              0.78
  6,     1,    8,       0,             0,                12,              1.0,            40,              1.28
  1,    10,   20,       0,             1,                 2,              1.0,            90,              2.06
  3,    10,    7,       0,             0,                21,              1.0,            53,              0.81
  6,     2,   10,       0,             0,                12,              1.0,            18,              0.67
  0,     1,   11,       0,             0,                12,              3.0,             3,              0.58
  2,    12,   20,       0,             0,                19,              1.0,            99,              1.0
  1,     2,   10,       0,             0,                14,              1.0,            32,              0.83
  0,    11,   16,       0,             0,                22,              1.0,            64,              0.79
  2,     3,   11,       0,             0,                16,              1.0,            16,              0.94
  1,     8,    6,       0,             0,                18,              1.0,            65,              0.74
  0,     2,   15,       0,             0,                22,              2.0,            63,              0.82
  3,    10,    8,       0,             0,                10,              2.0,            58,              1.09
  4,     6,   10,       1,             0,                24,              1.0,            88,              0.75
  1,     7,   22,       0,             0,                 1,              2.0,            86,              1.91
  1,     3,   16,       0,             0,                 7,              1.0,            63,              1.26
  6,     2,   14,       0,             0,                30,              1.0,            14,              0.89
  4,     9,    8,       1,             0,                 5,              1.0,            88,              1.32
  5,    10,   16,       1,             0,                18,              1.0,            97,              0.71
  0,    11,   14,       0,             0,                24,              1.0,            29,              0.89
  3,    11,   23,       0,             0,                30,              1.0,            45,              0.94
  5,     7,   15,       1,             0,                22,              1.0,            84,              0.82
  3,     4,   16,       0,             0,                10,              3.0,            10,              0.72
  6,     6,   18,       0,             0,                11,              1.0,            73,              1.46
  3,     2,   14,       0,             0,                 4,              1.0,            19,              0.88
  6,    10,   19,       0,             0,                27,              3.0,            26,              0.6
  4,    12,   16,       1,             0,                 5,              1.0,            86,              1.57
  2,     8,    6,       0,             1,                12,              1.0,           100,              1.39
  4,     6,    7,       1,             1,                15,              1.0,            96,              0.9
  3,     5,   23,       0,             1,                 3,              1.0,            98,              1.41
  2,     7,   17,       0,             1,                 1,              1.0,            76,              1.49
  2,     2,   18,       0,             0,                24,              1.0,            96,              1.0
  5,    10,    9,       1,             0,                 3,              1.0,            95,              1.99
  4,     6,   10,       1,             0,                16,              1.0,            71,              0.71
  1,    12,   16,       0,             0,                16,              1.0,            68,              0.97
  1,     6,   16,       0,             0,                19,              2.0,            49,              0.88
  4,     9,   23,       1,             0,                18,              1.0,            96,              0.7
  2,    11,    9,       0,             0,                18,              1.0,            38,              0.92
  5,    11,    6,       1,             0,                 8,              3.0,            25,              0.79
  4,    10,   13,       1,             0,                18,              1.0,            86,              0.89
  4,     7,   10,       1,             0,                 7,              1.0,           100,              1.76
  1,     1,   20,       0,             0,                 4,              1.0,            76,              1.53
  6,    10,   21,       0,             0,                23,              2.0,            92,              0.74
  1,     9,   16,       0,             0,                15,              1.0,            50,              0.99
  3,     9,   16,       0,             0,                21,              2.0,            46,              0.88
  1,     4,   14,       0,             0,                 7,              3.0,             9,              0.73
  5,     4,   21,       1,             0,                11,              1.0,            99,              1.84
  2,     5,    9,       0,             0,                17,              1.0,            22,              0.95
  6,     3,   15,       0,             1,                30,              2.0,            81,              0.98
  5,     5,   21,       1,             0,                26,              1.0,            99,              0.87
  2,     3,    9,       0,             0,                18,              1.0,            11,              0.9
  4,     4,   13,       1,             1,                13,              1.0,            85,              1.28
  6,     3,    6,       0,             0,                29,              1.0,            60,              0.84
  1,     5,   16,       0,             0,                 1,              3.0,             2,              0.7
  1,     9,    7,       0,             0,                 5,              1.0,            41,              1.27
  0,     7,   21,       0,             0,                23,              3.0,            29,              0.59
  0,     1,   15,       0,             0,                 3,              3.0,            10,              0.59
  5,     9,   22,       1,             0,                30,              1.0,            86,              0.84
  1,     2,   16,       0,             0,                14,              2.0,            41,              0.7
  2,     5,   12,       0,             0,                27,              2.0,            22,              0.95
  4,     6,    8,       1,             0,                 3,              1.0,            74,              1.58
  1,     1,   14,       0,             0,                14,              2.0,            40,              0.8
  4,    12,    6,       1,             0,                11,              2.0,            71,              1.73
  3,     5,   11,       0,             0,                16,              3.0,            28,              0.71
  2,    12,    9,       0,             0,                30,              1.0,            29,              0.77
  1,     8,   10,       0,             0,                19,              1.0,            32,              0.86
  3,     9,   12,       0,             0,                21,              2.0,            37,              0.94
  4,     8,   22,       1,             0,                 2,              3.0,             3,              0.52
  4,     9,   12,       1,             0,                 4,              1.0,            97,              1.62
  0,    11,   12,       0,             0,                15,              1.0,            26,              0.83
  0,     8,   10,       0,             0,                14,              1.0,            27,              0.84
  6,     5,    6,       0,             0,                26,              1.0,            43,              0.87
  0,     7,   17,       0,             0,                17,              3.0,            29,              0.77
  3,     1,   15,       0,             0,                24,              1.0,            56,              0.81
  3,     8,   18,       0,             0,                21,              3.0,            27,              0.66
  5,     6,    9,       1,             0,                17,              1.0,            74,              0.92
  1,     1,    6,       0,             0,                14,              2.0,            64,              0.83
  3,     4,   13,       0,             0,                 4,              1.0,            39,              0.86
  6,     2,    7,       0,             0,                13,              2.0,            31,              1.0
  0,     2,    7,       0,             0,                21,              2.0,            33,              0.77
  0,     7,   20,       0,             0,                 6,              2.0,            94,              1.25
  4,     5,   13,       1,             0,                23,              1.0,            88,              0.88
  5,     6,   13,       1,             0,                 4,              3.0,            16,              0.57
  2,     5,    7,       0,             0,                18,              3.0,            29,              0.55
  5,     7,   23,       1,             0,                11,              3.0,            21,              0.61
  4,     6,   19,       1,             0,                 9,              1.0,            94,              1.63
  1,     4,   15,       0,             0,                 4,              2.0,            33,              1.12
  3,     9,   22,       0,             0,                 7,              1.0,            80,              1.72
  3,     6,    8,       0,             0,                26,              1.0,            47,              0.81
  4,    10,    7,       1,             0,                 6,              2.0,            88,              1.78
  4,     4,   21,       1,             0,                29,              1.0,           100,              0.97
  1,     4,    9,       0,             0,                24,              1.0,            17,              0.91
  5,     4,   18,       1,             0,                17,              1.0,            79,              0.81
  4,    11,   17,       1,             0,                11,              1.0,            85,              1.57
  6,    12,   21,       0,             0,                10,              3.0,            11,              0.59
  0,    10,   13,       0,             0,                 0,              1.0,            39,              0.78
  5,     7,   15,       1,             0,                10,              1.0,            88,              1.87
  3,     9,   16,       0,             0,                26,              1.0,            61,              0.84
  5,     6,   11,       1,             0,                17,              1.0,            99,              0.97
  5,     1,   22,       1,             1,                27,              1.0,            96,              0.9
  6,     1,   19,       0,             0,                20,              1.0,            92,              0.75
  1,     9,   20,       0,             0,                19,              2.0,            99,              0.88
  3,    11,   21,       0,             1,                17,              1.0,            70,              0.71
  5,     5,   23,       1,             0,                 0,              1.0,            92,              2.27
  6,     3,    9,       0,             0,                16,              1.0,            16,              0.89
  2,     6,   14,       0,             0,                 2,              1.0,            22,              0.74
  1,    12,   13,       0,             0,                26,              2.0,            30,              1.0
  5,     1,    8,       1,             0,                12,              1.0,            71,              1.71
  5,     3,    8,       1,             0,                13,              2.0,            80,              1.65
  6,     2,   22,       0,             0,                 7,              1.0,            97,              1.75
  4,     8,   14,       1,             1,                 2,              2.0,            78,              1.92
  4,    11,    7,       1,             0,                27,              1.0,           100,              0.76
  1,    12,   18,       0,             0,                 9,              1.0,            77,              1.65
  6,     7,   23,       0,             0,                24,              2.0,            35,              0.85
  2,     1,    9,       0,             0,                26,              1.0,            29,              0.93
  4,     7,   16,       1,             1,                 8,              2.0,            84,              1.59
  2,     9,   18,       0,             0,                21,              1.0,            82,              0.73
  4,     5,   13,       1,             0,                 2,              1.0,            82,              1.77
  5,     3,   18,       1,             0,                 3,              1.0,           100,              1.45
  2,     5,    9,       0,             0,                 5,              1.0,            27,              0.77
  3,     2,    6,       0,             1,                17,              1.0,            89,              0.94
  6,     7,    6,       0,             0,                12,              2.0,            65,              1.26
  1,    10,   22,       0,             0,                12,              1.0,            78,              1.44
  3,     3,    8,       0,             0,                 8,              1.0,            60,              1.21
  2,     5,   13,       0,             0,                15,              1.0,            16,              0.84
  1,     5,    6,       0,             0,                10,              2.0,            54,              1.22
  2,     8,   16,       0,             0,                26,              3.0,            19,              0.54
  2,    10,   12,       0,             0,                 5,              3.0,            30,              0.6
  5,    12,   21,       1,             0,                25,              1.0,            82,              0.78
  6,     7,   17,       0,             0,                18,              1.0,            87,              0.75
  6,     9,    6,       0,             0,                14,              3.0,             6,              0.63
  2,    12,    8,       0,             0,                25,              2.0,            61,              0.74
  2,     4,   14,       0,             0,                22,              1.0,            22,              0.72
  4,     8,   18,       1,             0,                29,              3.0,            22,              0.63
  0,     6,   23,       0,             0,                29,              1.0,            45,              0.9
  2,     3,    7,       0,             0,                20,              2.0,            55,              0.99
  2,     7,    9,       0,             1,                 8,              1.0,            93,              1.62
  4,    12,   13,       1,             0,                12,              1.0,            91,              1.67
  4,     3,   17,       1,             0,                15,              1.0,            83,              0.98
  0,     2,   10,       0,             0,                10,              1.0,            16,              0.76
  2,     8,    9,       0,             0,                22,              1.0,            12,              0.79
  6,    12,    9,       0,             1,                10,              2.0,            91,              1.84
  5,     4,   22,       1,             0,                 5,              1.0,            83,              1.97
  1,     7,   11,       0,             0,                21,              1.0,            10,              0.92
  1,     8,   19,       0,             0,                22,              1.0,            78,              0.93
  6,     2,    9,       0,             0,                17,              1.0,            20,              0.76
  0,     5,   21,       0,             0,                20,              1.0,            82,              0.88
  4,     2,   17,       1,             0,                14,              2.0,            96,              0.9
  6,     5,    8,       0,             0,                10,              1.0,            49,              0.95
  2,    12,   10,       0,             0,                13,              1.0,            28,              0.72
  1,     8,   23,       0,             0,                20,              3.0,             5,              0.67
  3,     5,   10,       0,             0,                26,              1.0,            11,              0.96
  0,     8,   10,       0,             0,                12,              3.0,            16,              0.7
  3,    11,   21,       0,             0,                26,              1.0,            75,              0.72
  0,     4,   15,       0,             1,                 7,              1.0,            75,              1.82
  4,    12,   21,       1,             0,                 3,              1.0,            78,              1.82
  6,     6,   23,       0,             0,                 1,              2.0,            58,              1.12
  3,     2,   13,       0,             0,                 1,              1.0,            21,              0.86
  0,     8,    9,       0,             0,                 7,              1.0,            33,              0.78
  2,    12,   19,       0,             0,                 4,              2.0,            96,              1.37
  0,    10,   17,       0,             0,                19,              1.0,            80,              0.99
  2,     5,   14,       0,             0,                16,              3.0,            21,              0.74
  1,     7,    7,       0,             0,                27,              2.0,            38,              0.77
  5,     6,   13,       1,             0,                21,              1.0,            74,              0.87
  2,    11,   19,       0,             0,                 2,              2.0,            98,              2.34
  3,     9,   14,       0,             0,                28,              1.0,            40,              0.85
  4,     1,    8,       1,             0,                14,              2.0,            92,              0.81
  0,     9,   18,       0,             0,                13,              2.0,            85,              1.41
  6,     5,   16,       0,             0,                 4,              1.0,            61,              1.22
  5,     1,    7,       1,             1,                25,              2.0,            70,              0.74
  6,     3,   20,       0,             0,                30,              1.0,            92,              0.97
  5,     5,   11,       1,             0,                28,              1.0,            90,              0.81
  0,     6,   11,       0,             1,                20,              1.0,            92,              0.93
  3,    11,    8,       0,             0,                 0,              1.0,            34,              0.95
  1,     9,   20,       0,             1,                22,              1.0,            73,              1.0
  3,    12,   10,       0,             0,                 7,              1.0,            33,              0.84
  0,     6,   17,       0,             0,                 4,              1.0,            96,              1.8
  1,    11,   10,       0,             1,                18,              1.0,            90,              0.75
  2,    12,   12,       0,             0,                 4,              3.0,            19,              0.71
  6,     4,    8,       0,             0,                 4,              2.0,            67,              1.19
  2,     7,   16,       0,             0,                 7,              1.0,            35,              1.0
  4,    10,   15,       1,             0,                22,              1.0,            97,              0.9
  2,     4,   22,       0,             0,                 6,              2.0,            79,              1.72
  6,     4,   21,       0,             0,                 7,              1.0,            89,              1.26
  0,     6,   16,       0,             0,                27,              2.0,            56,              0.81
  5,     3,   21,       1,             0,                24,              1.0,            88,              0.72
  2,     4,    7,       0,             0,                30,              2.0,            62,              0.79
  5,     9,   19,       1,             0,                12,              1.0,            87,              1.63
  1,     5,    8,       0,             0,                16,              3.0,            25,              0.55
  2,     7,    8,       0,             0,                13,              2.0,            45,              0.92
  0,     7,    9,       0,             0,                19,              1.0,            31,              0.92
  5,     3,    9,       1,             1,                 4,              2.0,            75,              1.6
  2,     9,   22,       0,             0,                23,              1.0,            81,              0.74
  6,     5,    9,       0,             0,                 0,              1.0,            23,              0.68
  0,     5,    8,       0,             0,                16,              1.0,            61,              0.96
  1,     6,   11,       0,             0,                 3,              3.0,            21,              0.72
  1,    12,   22,       0,             1,                27,              3.0,             7,              0.51
  2,     7,   10,       0,             0,                30,              3.0,            17,              0.74
  5,    12,   19,       1,             0,                 7,              1.0,            93,              1.46
  6,     2,   17,       0,             0,                21,              3.0,             5,              0.57
  4,     1,   18,       1,             1,                14,              3.0,            24,              0.75
  2,     2,   23,       0,             0,                11,              1.0,            66,              1.21
  5,    10,   13,       1,             0,                18,              3.0,            24,              0.73
  5,     9,   13,       1,             0,                29,              1.0,            77,              0.86
  5,    12,    6,       1,             0,                 0,              2.0,            82,              1.88
  5,     5,    9,       1,             0,                 7,              1.0,           100,              1.25
  1,    12,   14,       0,             1,                29,              1.0,            97,              0.86
  5,     6,   20,       1,             0,                 2,              1.0,            86,              1.89
  6,     7,    8,       0,             0,                 1,              1.0,            38,              0.99
  2,     6,   18,       0,             0,                23,              1.0,            84,              0.78
  0,     4,   10,       0,             0,                18,              1.0,            13,              0.75
  3,     6,   19,       0,             0,                11,              3.0,             6,              0.64
  3,     5,    9,       0,             1,                25,              2.0,            96,              0.91
  4,     1,   12,       1,             0,                10,              1.0,            92,              1.4
  2,     7,   22,       0,             1,                 9,              1.0,            75,              1.22
  3,     8,   23,       0,             0,                 7,              1.0,            36,              1.22
  1,     2,    6,       0,             1,                24,              3.0,             4,              0.56
  3,     6,    8,       0,             0,                 8,              3.0,             2,              0.51
  0,     4,   20,       0,             0,                 2,              3.0,            26,              0.74
  0,     1,   20,       0,             1,                29,              1.0,            96,              0.92
  3,     1,   18,       0,             0,                 5,              1.0,            99,              1.35
  2,     8,   10,       0,             1,                19,              2.0,            90,              0.79
  3,     9,   21,       0,             1,                 8,              1.0,            83,              1.36
  6,     9,   13,       0,             0,                25,              1.0,            10,              1.0
  6,    12,   17,       0,             0,                25,              1.0,            99,              0.87
  2,     7,   14,       0,             0,                10,              1.0,            10,              0.87
  6,     5,    7,       0,             0,                15,              1.0,            67,              1.0
  1,     2,   13,       0,             0,                 8,              1.0,            35,              0.88
  0,     4,   18,       0,             0,                26,              3.0,             5,              0.55
  4,     6,   17,       1,             0,                 0,              2.0,            81,              1.96
  4,     3,   12,       1,             0,                25,              3.0,            15,              0.66
  1,     8,    7,       0,             1,                 7,              2.0,            70,              1.62
  0,     6,   12,       0,             0,                10,              2.0,            39,              0.84
  6,     6,    7,       0,             1,                18,              2.0,            74,              0.93
  6,     9,   17,       0,             0,                11,              2.0,            91,              1.52
  0,     6,   15,       0,             0,                 5,              2.0,            57,              1.22
  3,    11,   16,       0,             0,                30,              1.0,            69,              0.94
  1,    11,   11,       0,             0,                23,              2.0,            14,              0.75
  0,    12,   18,       0,             0,                24,              3.0,             1,              0.55
  2,    10,   13,       0,             0,                 3,              3.0,             4,              0.6
  0,     4,   17,       0,             0,                 5,              2.0,           100,              1.27
  5,    11,   16,       1,             0,                 8,              1.0,            92,              1.25
  2,     2,    6,       0,             1,                14,              2.0,            75,              0.97
  3,     7,   17,       0,             0,                 3,              2.0,            95,              1.89
  5,    11,   13,       1,             0,                 2,              2.0,            71,              1.44
  2,     5,    9,       0,             1,                 5,              3.0,             5,              0.72
  4,     2,   16,       1,             0,                19,              3.0,            22,              0.51
  5,     3,   19,       1,             0,                 3,              1.0,            76,              1.53
  4,    12,   23,       1,             0,                 9,              1.0,            73,              1.24
  4,     9,   21,       1,             0,                11,              1.0,            72,              1.44
  5,    11,   21,       1,             0,                 0,              1.0,            90,              2.0
  0,     8,    9,       0,             0,                12,              1.0,            38,              0.8
  0,    11,   23,       0,             0,                11,              3.0,            11,              0.56
  0,     5,   20,       0,             0,                 7,              2.0,            88,              1.25
  6,    12,    9,       0,             1,                11,              2.0,            83,              1.98
  4,     4,   23,       1,             1,                12,              2.0,            83,              1.97
  5,     8,   13,       1,             0,                 2,              1.0,            97,              2.3
  4,    10,   22,       1,             0,                21,              3.0,             4,              0.54
  6,     8,   11,       0,             0,                 5,              3.0,            25,              0.56
  0,     7,    8,       0,             0,                13,              1.0,            70,              0.96
  4,     5,   16,       1,             0,                29,              2.0,            72,              0.82
  3,     9,   16,       0,             0,                16,              1.0,            30,              0.94
  4,    10,   22,       1,             0,                 3,              1.0,            74,              1.65
  4,     2,    9,       1,             0,                 3,              2.0,            97,              1.63
  2,     7,   14,       0,             0,                15,              1.0,            25,              0.71
  2,     7,   10,       0,             0,                21,              2.0,            11,              0.82
  2,    12,   13,       0,             1,                15,              3.0,            28,              0.61
  2,     5,   15,       0,             0,                15,              3.0,            21,              0.53
  6,     4,   10,       0,             0,                23,              1.0,            36,              0.8
  5,     7,    8,       1,             0,                 6,              3.0,            13,              0.72
  6,     9,   17,       0,             0,                16,              2.0,            72,              0.79
  4,     7,   10,       1,             0,                16,              3.0,             0,              0.55
  6,     4,    7,       0,             0,                14,              1.0,            53,              0.91
  2,     6,   20,       0,             0,                20,              3.0,            21,              0.51
  2,     8,   20,       0,             0,                27,              1.0,            87,              0.8
  1,     5,    8,       0,             0,                12,              1.0,            66,              1.21
  1,     4,   13,       0,             0,                 8,              2.0,            26,              0.61
  6,    11,    6,       0,             0,                 4,              2.0,            68,              1.22
  1,     5,   15,       0,             0,                22,              2.0,            57,              0.97
  6,     6,   20,       0,             0,                14,              1.0,            86,              0.95
  3,    10,    9,       0,             1,                21,              3.0,            26,              0.61
  5,    10,   15,       1,             0,                 3,              1.0,            80,              1.99
  5,     6,   14,       1,             0,                22,              3.0,            20,              0.59
  1,     9,   13,       0,             0,                25,              3.0,            25,              0.68
  5,     6,   10,       1,             0,                20,              1.0,            79,              0.78
  3,     7,   18,       0,             0,                18,              2.0,            88,              0.94
  2,    12,   13,       0,             0,                20,              2.0,            39,              0.98
  2,     9,   15,       0,             0,                26,              2.0,            65,              0.75
  0,     8,   10,       0,             0,                23,              2.0,            34,              0.97
  5,     6,    8,       1,             0,                 7,              2.0,            79,              1.54
  2,     6,   14,       0,             0,                14,              3.0,            15,              0.52
  5,    10,    8,       1,             0,                 6,              1.0,            97,              1.74
  4,     5,   19,       1,             1,                27,              1.0,            76,              0.8
  4,     8,   10,       1,             0,                22,              1.0,            72,              0.85
  5,     3,   16,       1,             0,                 0,              1.0,            76,              1.81
  1,    10,   11,       0,             0,                24,              2.0,            14,              0.88
  5,     7,   18,       1,             0,                15,              1.0,            71,              0.86
  5,     6,    6,       1,             0,                24,              2.0,            76,              0.71
  0,    11,   13,       0,             0,                28,              1.0,            14,              0.73
  4,    10,   15,       1,             0,                26,              1.0,           100,              0.79
  5,     9,   22,       1,             0,                28,              2.0,            74,              0.8
  3,     6,   12,       0,             0,                29,              3.0,            12,              0.51
  1,    12,   10,       0,             0,                 0,              1.0,            15,              0.64
  5,    11,    7,       1,             0,                20,              1.0,            87,              0.89
  4,     1,    9,       1,             0,                 0,              1.0,            73,              1.53
  3,     2,   23,       0,             0,                22,              1.0,            70,              0.7
  3,    11,    9,       0,             0,                 8,              2.0,            32,              0.64
  6,     2,   22,       0,             0,                 3,              1.0,            95,              1.29
  1,    10,   12,       0,             0,                26,              1.0,            16,              0.81
  3,     5,   11,       0,             1,                15,              3.0,            22,              0.78
  2,     4,    6,       0,             1,                 2,              3.0,            26,              0.67
  3,     3,    8,       0,             0,                 2,              2.0,            36,              1.26
  5,     4,   20,       1,             0,                 9,              1.0,            71,              1.28
  1,     1,   15,       0,             0,                21,              1.0,            37,              0.73
  6,     1,    6,       0,             0,                21,              2.0,            51,              0.81
  3,    10,   14,       0,             0,                 2,              1.0,            20,              0.65
  3,     7,   20,       0,             0,                12,              2.0,            85,              1.84
  5,     3,    9,       1,             0,                23,              1.0,           100,              0.95
  0,     7,   21,       0,             0,                21,              1.0,            89,              0.81
  2,    10,    6,       0,             0,                28,              2.0,            38,              0.84
  3,     2,   19,       0,             0,                 2,              1.0,            80,              1.21
  6,    11,   22,       0,             0,                18,              2.0,            77,              0.99
  5,     6,   22,       1,             0,                22,              2.0,            83,              0.9
  1,     8,   17,       0,             0,                20,              1.0,            96,              0.95
  4,     1,    6,       1,             0,                 5,              1.0,            85,              1.88
  6,     3,    8,       0,             0,                10,              1.0,            47,              0.92
  1,     9,   18,       0,             0,                 7,              1.0,            84,              1.84
  3,     2,   21,       0,             0,                 3,              3.0,            23,              0.7
  0,     7,   19,       0,             1,                17,              1.0,            72,              0.94
  4,    11,   15,       1,             0,                17,              1.0,            91,              0.84
  2,     6,    7,       0,             0,                27,              1.0,            65,              0.93
  4,     8,   17,       1,             0,                 3,              1.0,            91,              1.38
  2,     6,   15,       0,             0,                11,              2.0,            32,              1.26
  3,     3,   19,       0,             0,                19,              1.0,            73,              0.98
  3,     4,   20,       0,             0,                 6,              2.0,            73,              1.81
  0,    11,    9,       0,             0,                14,              1.0,            28,              0.99
  1,     8,    6,       0,             0,                 1,              1.0,            57,              1.24
  3,     9,   11,       0,             0,                 5,              2.0,            14,              0.63
  5,    10,   16,       1,             0,                12,              1.0,            89,              1.93
  6,     4,   14,       0,             0,                10,              3.0,            14,              0.74
  1,     7,   22,       0,             0,                22,              1.0,            80,              0.91
  4,    11,   12,       1,             0,                19,              2.0,            91,              0.8
  5,     3,   11,       1,             0,                22,              2.0,            92,              0.73
  2,     9,   21,       0,             0,                30,              2.0,            83,              0.9
  6,     9,   15,       0,             0,                13,              2.0,            63,              0.94
  3,     3,    7,       0,             0,                 6,              1.0,            40,              1.29
  5,     5,   10,       1,             0,                22,              2.0,            76,              0.93
  0,     6,   20,       0,             0,                27,              2.0,            87,              0.96
  5,    11,   23,       1,             0,                16,              2.0,            95,              0.91
  5,    11,    7,       1,             0,                12,              1.0,            95,              1.98
  2,     9,    7,       0,             1,                 8,              1.0,            97,              1.82
  6,     8,   13,       0,             0,                22,              2.0,            21,              0.93
  4,    12,   12,       1,             0,                30,              1.0,            84,              0.75
  5,     2,   11,       1,             0,                23,              1.0,            82,              0.71
  2,     9,   14,       0,             0,                18,              2.0,            10,              0.8
  5,     3,    7,       1,             0,                10,              1.0,            94,              1.95
  4,    11,   15,       1,             0,                18,              1.0,            72,              0.94
  2,     9,   13,       0,             0,                16,              1.0,            26,              0.75
  4,     9,   18,       1,             1,                 7,              3.0,            21,              0.6
  2,     5,   12,       0,             0,                19,              1.0,            27,              0.95
  5,     1,    9,       1,             0,                14,              1.0,            90,              0.88
  4,     4,    7,       1,             0,                10,              1.0,            95,              1.96
  3,     5,   23,       0,             0,                 0,              3.0,            26,              0.73
  4,     9,   20,       1,             0,                 9,              3.0,             6,              0.6
  0,     2,   11,       0,             0,                24,              1.0,            10,              0.89
  1,    11,   12,       0,             0,                13,              2.0,            16,              0.76
  5,    12,   19,       1,             0,                30,              1.0,            91,              0.75
  3,    12,   16,       0,             1,                 2,              1.0,            95,              1.98
  0,    10,   13,       0,             0,                13,              1.0,            30,              0.72
  2,     1,   18,       0,             0,                17,              1.0,            93,              0.89
  6,    12,    7,       0,             0,                 2,              1.0,            62,              0.94
  6,    11,   15,       0,             0,                 9,              2.0,            58,              1.05
  6,    11,    6,       0,             0,                17,              1.0,            55,              0.94
  6,     9,   15,       0,             0,                 4,              1.0,            53,              1.28
  0,     9,   23,       0,             0,                 1,              1.0,            68,              1.06
  4,     2,   15,       1,             0,                23,              3.0,            11,              0.56
  5,     9,   10,       1,             0,                 7,              2.0,            78,              1.36
  1,    11,    7,       0,             0,                29,              3.0,            17,              0.64
  4,     2,   15,       1,             0,                 8,              1.0,            93,              1.66
  2,     6,   10,       0,             0,                 7,              1.0,            29,              0.62
  1,     6,   21,       0,             0,                19,              2.0,            92,              0.88
  4,    10,   17,       1,             0,                30,              1.0,            70,              0.79
  6,     4,   19,       0,             0,                11,              1.0,            93,              1.47
  3,     8,   20,       0,             0,                 9,              1.0,            73,              1.34
  4,     2,   14,       1,             0,                 4,              3.0,             6,              0.58
  5,     2,    8,       1,             0,                27,              1.0,            70,              0.94
  4,     7,   12,       1,             0,                17,              1.0,            98,              1.0
  3,    11,   10,       0,             0,                 7,              3.0,            18,              0.72
  2,     3,   20,       0,             0,                 2,              1.0,            86,              1.81
  1,    10,   11,       0,             0,                 4,              1.0,            15,              0.77
  4,    11,   10,       1,             0,                15,              3.0,             1,              0.57
  3,     4,    8,       0,             0,                 7,              1.0,            43,              1.11
  6,     6,   18,       0,             0,                14,              3.0,             1,              0.79
  2,     2,   22,       0,             0,                 8,              2.0,            78,              1.66
  4,     3,   18,       1,             0,                11,              1.0,            98,              1.87
  4,     5,   18,       1,             0,                 7,              1.0,            81,              1.85
  2,     8,   21,       0,             0,                 0,              1.0,            74,              1.55
  1,     2,   22,       0,             0,                 6,              1.0,            75,              1.49
  5,     2,   13,       1,             0,                10,              2.0,            85,              1.74
  3,     4,   11,       0,             0,                13,              1.0,            11,              0.64
  4,     3,   10,       1,             0,                 1,              3.0,             4,              0.52
  2,     3,   22,       0,             0,                19,              3.0,            20,              0.51
  5,    12,   15,       1,             0,                 6,              1.0,            85,              1.89
  1,     4,   19,       0,             0,                25,              1.0,            94,              0.75
  5,     9,   14,       1,             0,                21,              1.0,            84,              0.88
  0,     4,   18,       0,             0,                 3,              1.0,            86,              1.89
  4,    11,   19,       1,             0,                19,              1.0,            85,              0.97
  4,     1,   23,       1,             0,                 3,              1.0,            91,              1.3
  4,     9,    6,       1,             0,                24,              2.0,            83,              0.86
  2,     1,   22,       0,             0,                30,              2.0,            95,              0.93
  2,    10,    9,       0,             0,                 8,              1.0,            17,              0.87
  0,     5,   23,       0,             0,                 6,              1.0,            30,              1.13
  0,     9,    6,       0,             0,                 6,              2.0,            50,              1.06
  0,     3,   19,       0,             0,                 8,              1.0,            87,              1.54
  2,    10,   14,       0,             0,                12,              2.0,            23,              0.77
  4,     8,   11,       1,             0,                17,              1.0,            79,              0.87
  6,    12,   18,       0,             0,                27,              3.0,             3,              0.72
  3,    12,   11,       0,             0,                16,              1.0,            20,              0.94
  4,    12,    7,       1,             0,                30,              2.0,            95,              0.73
  1,     8,   19,       0,             1,                 8,              1.0,            72,              1.69
  5,     7,   18,       1,             0,                16,              1.0,           100,              0.88
  6,     3,   21,       0,             0,                 6,              3.0,            29,              0.74
  2,     4,    7,       0,             0,                16,              1.0,            44,              0.88
  5,     1,   17,       1,             0,                 0,              3.0,             2,              0.8
  6,     7,   17,       0,             0,                12,              1.0,            86,              1.21
  5,     2,    8,       1,             0,                23,              2.0,            99,              0.87
  2,     5,   13,       0,             0,                 6,              1.0,            22,              0.77
  2,     3,   19,       0,             0,                17,              1.0,            79,              0.8
  0,     9,   14,       0,             0,                26,              2.0,            18,              0.91
  3,    10,   21,       0,             0,                24,              1.0,            94,              0.84
  3,    10,    6,       0,             0,                 8,              1.0,            70,              1.22
  1,    11,   13,       0,             0,                13,              3.0,            16,              0.66
  5,     5,   13,       1,             0,                12,              2.0,            96,              1.47
  4,     3,   21,       1,             0,                 6,              3.0,             8,              0.55
  5,    11,   12,       1,             0,                 6,              1.0,            77,              1.9
  1,     4,   12,       0,             0,                26,              2.0,            14,              0.93
  0,     2,   21,       0,             0,                24,              3.0,            30,              0.51
  3,     6,   16,       0,             0,                28,              3.0,            27,              0.58
  1,     9,   14,       0,             0,                24,              1.0,            11,              0.86
  3,     8,   23,       0,             1,                11,              1.0,            91,              1.82
  3,     2,   22,       0,             0,                22,              1.0,            91,              0.76
  4,     2,   16,       1,             0,                27,              1.0,            87,              0.78
  2,     8,   16,       0,             0,                15,              1.0,            56,              0.91
  2,     6,   18,       0,             0,                 5,              1.0,            88,              1.75
  6,     2,   14,       0,             0,                17,              1.0,            22,              0.76
  6,    12,   10,       0,             0,                 0,              1.0,            25,              0.64
  6,    11,   22,       0,             0,                10,              2.0,            79,              1.4
  6,    10,    7,       0,             0,                22,              1.0,            43,              0.94
  3,    11,    9,       0,             0,                10,              1.0,            21,              0.77
  6,     5,   17,       0,             1,                 3,              1.0,            91,              1.97
  1,    10,   23,       0,             0,                24,              1.0,            50,              0.9
  3,    12,   20,       0,             0,                12,              2.0,            84,              1.71
  1,     3,   16,       0,             0,                19,              1.0,            34,              0.72
  2,     4,   16,       0,             0,                 9,              2.0,            68,              1.16
  2,     8,   17,       0,             0,                16,              3.0,            13,              0.55
  6,     1,   10,       0,             0,                21,              1.0,            33,              0.91
  0,     4,   11,       0,             0,                 3,              1.0,            38,              0.74
  0,     1,   18,       0,             0,                 2,              1.0,            89,              1.91
  5,     7,   15,       1,             0,                23,              1.0,            90,              0.74
  4,     3,    6,       1,             1,                11,              3.0,            10,              0.76
  3,     9,   14,       0,             0,                 4,              3.0,            22,              0.66
  4,    10,   20,       1,             0,                20,              3.0,            13,              0.66
  5,     9,   15,       1,             0,                15,              1.0,            95,              0.73
  2,     6,   19,       0,             0,                 9,              1.0,            86,              1.85
  6,     3,   17,       0,             0,                17,              1.0,            99,              0.85
  6,     8,   15,       0,             1,                13,              2.0,            89,              1.38
  0,     9,   17,       0,             0,                28,              1.0,            82,              0.77
  5,    12,   18,       1,             0,                 7,              1.0,            83,              1.7
  4,    10,   14,       1,             0,                23,              1.0,            78,              0.82
  6,     2,   11,       0,             0,                 3,              2.0,            29,              0.74
  5,    10,   21,       1,             0,                 0,              1.0,            87,              1.82
  0,     5,   14,       0,             0,                14,              2.0,            17,              0.73
  0,     8,   12,       0,             0,                 9,              2.0,            25,              0.9
  3,    12,    7,       0,             0,                26,              2.0,            39,              0.72
  6,     7,    8,       0,             0,                 5,              1.0,            46,              1.23
  6,     1,    9,       0,             0,                22,              1.0,            34,              0.99
  1,    12,    7,       0,             0,                23,              2.0,            63,              0.9
  1,     8,   18,       0,             0,                 9,              3.0,             5,              0.69
  0,    12,   23,       0,             0,                 8,              1.0,            49,              0.98
  0,    11,   12,       0,             0,                 7,              2.0,            20,              0.6
  6,     5,    9,       0,             0,                 7,              1.0,            11,              0.77
  5,     8,   10,       1,             0,                 2,              1.0,            85,              1.27
  4,     6,    7,       1,             1,                20,              1.0,            87,              0.94
  1,     8,   13,       0,             0,                17,              2.0,            34,              0.8
  3,    12,   12,       0,             1,                12,              1.0,            74,              1.4
  0,     8,   20,       0,             0,                17,              2.0,            76,              0.87
  4,     6,   16,       1,             0,                 8,              3.0,            19,              0.77
  4,     3,    8,       1,             0,                14,              1.0,            78,              0.86
  3,     1,   22,       0,             0,                 5,              3.0,            19,              0.76
  6,    10,   13,       0,             0,                 2,              2.0,            27,              0.85
  1,     9,   21,       0,             0,                 4,              2.0,            80,              1.53
  2,     2,    9,       0,             0,                 2,              1.0,            40,              0.64
  6,     1,   12,       0,             0,                 6,              1.0,            28,              0.79
  3,    11,   21,       0,             0,                22,              1.0,            71,              0.81
  4,    12,    8,       1,             1,                29,              1.0,            85,              0.98
  6,     2,   20,       0,             0,                 1,              1.0,            93,              2.46
  3,     6,    7,       0,             0,                 8,              1.0,            34,              1.23
  0,     4,   22,       0,             1,                23,              1.0,            82,              0.76
  4,    11,   13,       1,             0,                30,              1.0,            93,              0.87
  5,     2,   17,       1,             0,                22,              2.0,            98,              0.73
  6,     3,   23,       0,             0,                10,              2.0,            64,              1.3
  3,     6,   16,       0,             0,                10,              2.0,            56,              1.21
  3,    12,   16,       0,             0,                18,              1.0,            54,              0.93
  5,     5,   17,       1,             0,                14,              3.0,             0,              0.72
  2,    10,    6,       0,             0,                28,              1.0,            49,              1.0
  1,     6,    6,       0,             0,                30,              2.0,            47,              0.98
  4,     9,   10,       1,             1,                14,              1.0,            74,              0.78
  4,     4,   13,       1,             0,                 9,              1.0,            82,              1.66
  1,    12,    8,       0,             0,                25,              1.0,            61,              0.95
  5,    12,    9,       1,             0,                 9,              1.0,            95,              1.66
  0,     1,   16,       0,             0,                26,              1.0,            37,              0.96
  1,    12,    6,       0,             0,                20,              1.0,            49,              0.86
  2,     9,   10,       0,             0,                22,              1.0,            11,              0.9
  3,     8,   22,       0,             1,                13,              1.0,            82,              1.32
  2,     2,   21,       0,             0,                 1,              1.0,            78,              1.27
  4,     7,   10,       1,             0,                15,              1.0,            85,              0.82
  4,     4,   23,       1,             0,                23,              1.0,            77,              0.72
  6,     7,   16,       0,             0,                18,              1.0,            56,              0.83
  2,     4,   16,       0,             0,                20,              1.0,            49,              0.75
  2,    10,   20,       0,             0,                14,              1.0,            96,              0.77
  5,     6,   10,       1,             0,                27,              1.0,            93,              0.72
  4,     3,   15,       1,             1,                22,              2.0,            79,              0.84
  0,     6,   12,       0,             0,                 6,              1.0,            26,              0.83
  4,     8,   10,       1,             0,                21,              1.0,            88,              0.97
  4,     1,   14,       1,             0,                 9,              1.0,            92,              1.69
  0,     8,    6,       0,             1,                21,              1.0,            97,              0.97
  2,     2,    6,       0,             0,                28,              2.0,            44,              0.99
  4,    12,    9,       1,             0,                15,              3.0,            17,              0.53
  1,     9,   20,       0,             0,                22,              1.0,            77,              0.98
  2,     6,   21,       0,             0,                 5,              1.0,            91,              1.48
  5,     5,   13,       1,             0,                16,              1.0,            71,              0.89
  3,     1,   23,       0,             0,                 7,              1.0,            55,              1.16
  0,    12,   18,       0,             0,                21,              2.0,            90,              0.91
  3,     4,   10,       0,             0,                 9,              3.0,            10,              0.63
  1,     4,   10,       0,             0,                21,              2.0,            37,              0.74
  5,    12,   22,       1,             0,                13,              3.0,            24,              0.54
  4,     3,   16,       1,             1,                17,              3.0,             3,              0.56
  6,     3,    6,       0,             0,                28,              3.0,            30,              0.62
  3,    12,   14,       0,             0,                 6,              1.0,            15,              0.61
  4,    10,   14,       1,             0,                19,              1.0,            77,              0.77
  0,     6,    8,       0,             0,                15,              1.0,            68,              0.84
  5,     6,   11,       1,             0,                15,              1.0,            75,              0.76
  0,     7,    6,       0,             0,                30,              1.0,            42,              0.93
  0,     3,   20,       0,             0,                15,              2.0,            97,              0.84
  1,     7,   18,       0,             0,                19,              2.0,            82,              0.92
  3,    10,   23,       0,             0,                28,              2.0,            32,              0.86
  3,     8,    7,       0,             0,                 7,              1.0,            55,              1.29
  0,     9,   18,       0,             0,                20,              3.0,             6,              0.59
  3,     5,   15,       0,             0,                13,              1.0,            33,              1.18
  1,     8,   20,       0,             1,                16,              1.0,            94,              0.88
  5,     9,   10,       1,             0,                10,              1.0,            75,              1.56
  5,     4,   20,       1,             1,                10,              2.0,            99,              1.77
  1,    12,    9,       0,             1,                22,              1.0,            81,              0.73
  5,     7,   22,       1,             0,                 5,              1.0,            82,              1.24
  1,     6,   10,       0,             0,                 4,              1.0,            32,              0.62
  2,     5,   20,       0,             0,                 5,              1.0,            74,              1.97
  0,    10,   14,       0,             1,                15,              3.0,            17,              0.74
  4,     8,   13,       1,             0,                21,              1.0,            83,              0.83
  4,    10,    6,       1,             0,                17,              1.0,            90,              0.87
  6,     4,    7,       0,             0,                 1,              2.0,            32,              0.96
  0,    11,   15,       0,             0,                 2,              1.0,            56,              1.3
  1,    11,   15,       0,             0,                22,              2.0,            66,              0.94
  1,     8,   17,       0,             0,                 2,              2.0,            80,              1.49
  3,     2,   19,       0,             0,                 2,              1.0,            74,              1.3
  6,     5,   16,       0,             0,                16,              1.0,            43,              0.88
  0,    10,   22,       0,             0,                15,              2.0,            89,              0.98
  5,     5,   19,       1,             0,                10,              1.0,            88,              2.0
  2,     3,   21,       0,             0,                20,              1.0,            95,              0.75
  4,     4,   15,       1,             0,                 0,              1.0,            84,              1.7
  0,    12,   12,       0,             0,                13,              1.0,            20,              0.7
  6,    11,   12,       0,             1,                 6,              2.0,            78,              1.83
  2,     5,   22,       0,             0,                24,              1.0,            91,              0.8
  3,    12,    6,       0,             0,                 6,              1.0,            51,              1.27
  3,     8,    7,       0,             0,                15,              1.0,            59,              0.97
  4,     6,   20,       1,             0,                13,              3.0,             1,              0.75
  2,    10,   16,       0,             0,                 0,              1.0,            51,              1.22
  6,     6,    8,       0,             0,                 8,              2.0,            51,              1.29
  5,     9,   11,       1,             0,                12,              1.0,            73,              1.89
  6,     5,   16,       0,             0,                 8,              1.0,            61,              1.25
  2,     8,   15,       0,             0,                 9,              1.0,            53,              1.21
  6,     4,    8,       0,             0,                 0,              2.0,            62,              0.96
  2,     8,   22,       0,             0,                10,              1.0,            97,              1.28
  4,    11,   10,       1,             0,                 1,              1.0,            92,              2.41
  0,     1,   15,       0,             0,                21,              2.0,            35,              0.8
  0,     2,   22,       0,             0,                23,              1.0,            88,              0.93
  5,     4,   16,       1,             0,                 9,              1.0,            80,              1.82
  5,     2,   14,       1,             0,                 8,              1.0,           100,              1.7
  4,     2,   12,       1,             0,                17,              1.0,            74,              0.98
  6,     5,   13,       0,             0,                 9,              2.0,            20,              0.76
  0,     3,    6,       0,             0,                21,              1.0,            54,              0.72
  3,     7,   11,       0,             0,                28,              1.0,            36,              0.91
  3,    10,   17,       0,             0,                26,              1.0,            94,              0.9
  4,     2,   20,       1,             0,                 2,              2.0,            99,              2.29
  0,     8,   15,       0,             0,                22,              2.0,            60,              0.77
  1,     3,   14,       0,             0,                12,              1.0,            39,              0.8
  6,     6,   20,       0,             0,                 2,              1.0,            81,              1.58
  6,     3,   15,       0,             0,                19,              1.0,            62,              0.73
  6,    12,    9,       0,             0,                20,              1.0,            19,              0.86
  3,    10,   19,       0,             0,                 7,              1.0,            85,              1.51
  2,     4,   19,       0,             0,                13,              1.0,            80,              1.64
  1,     3,    8,       0,             0,                22,              1.0,            61,              0.73
  4,     8,   16,       1,             0,                26,              1.0,            79,              0.99
  0,    10,    9,       0,             0,                19,              2.0,            22,              0.8
  5,    11,    7,       1,             1,                26,              1.0,            88,              0.97
  5,     1,   10,       1,             0,                14,              1.0,            82,              0.88
  3,     4,   12,       0,             0,                10,              1.0,            35,              0.87
  2,     7,   17,       0,             0,                18,              1.0,            86,              0.82
  1,     5,    7,       0,             0,                17,              3.0,             0,              0.71
  6,     6,    9,       0,             0,                27,              1.0,            23,              0.91
  3,    11,   16,       0,             0,                12,              1.0,            64,              0.98
  1,     8,   10,       0,             0,                12,              2.0,            21,              0.85
  1,     5,   10,       0,             0,                 2,              2.0,            14,              0.82
  3,    11,   19,       0,             0,                 4,              1.0,            90,              1.84
  6,     8,   19,       0,             0,                14,              1.0,            87,              0.95
  3,     6,   13,       0,             0,                19,              1.0,            25,              0.95
  1,    12,   22,       0,             0,                29,              1.0,            81,              0.71
  0,    10,   21,       0,             0,                 3,              1.0,           100,              1.75
  1,    12,   22,       0,             0,                24,              2.0,            84,              0.86
  4,    10,    8,       1,             0,                20,              2.0,           100,              0.9
  5,    11,   23,       1,             0,                 9,              2.0,            98,              1.47
  6,     1,   21,       0,             0,                28,              1.0,            93,              0.8
  2,     5,   15,       0,             0,                22,              3.0,            23,              0.59
  6,    10,   14,       0,             1,                15,              1.0,            88,              0.72
  2,    12,    6,       0,             0,                 2,              1.0,            34,              1.24
  2,     5,   10,       0,             0,                 8,              3.0,             0,              0.72
  4,     3,   10,       1,             0,                11,              2.0,            78,              1.83
  1,     8,   11,       0,             0,                27,              1.0,            12,              0.99
  4,     3,   21,       1,             0,                13,              2.0,            77,              1.73
  5,    11,   11,       1,             0,                23,              2.0,            71,              0.89
  6,     2,    7,       0,             0,                12,              1.0,            60,              1.2
  6,     9,   13,       0,             0,                22,              1.0,            18,              0.74
  6,     7,    6,       0,             0,                25,              1.0,            50,              0.99
  5,     1,    9,       1,             0,                20,              1.0,            97,              0.83
  5,     5,   16,       1,             0,                25,              1.0,            90,              0.88
  3,    11,   13,       0,             0,                18,              2.0,            26,              0.8
  5,     3,   16,       1,             0,                21,              1.0,            72,              0.7
  0,     9,    9,       0,             0,                11,              1.0,            19,              0.68
  0,     1,    8,       0,             1,                19,              2.0,            96,              0.77
  4,    11,    9,       1,             0,                 3,              1.0,            89,              1.3
  5,    11,   11,       1,             0,                22,              1.0,            79,              0.84
  0,    11,   20,       0,             0,                 8,              2.0,            92,              1.92
  6,     6,   14,       0,             0,                 2,              1.0,            11,              0.71
  2,     1,   14,       0,             0,                 8,              1.0,            12,              0.75
  1,    10,   18,       0,             0,                15,              1.0,            87,              0.93
  1,    10,    9,       0,             0,                22,              1.0,            11,              0.72
  4,    12,   14,       1,             0,                 0,              3.0,             4,              0.7
  0,     1,   18,       0,             0,                22,              1.0,            82,              0.87
  4,    12,   21,       1,             0,                12,              2.0,            94,              1.85
  0,     9,   13,       0,             1,                30,              2.0,            94,              0.84
  4,     9,   17,       1,             0,                 9,              1.0,            90,              2.0
  5,     2,   17,       1,             0,                30,              1.0,            96,              0.84
  6,     5,   12,       0,             0,                 1,              3.0,            21,              0.56
  5,     7,    9,       1,             0,                11,              1.0,            98,              1.71
  5,     4,   10,       1,             1,                 0,              2.0,            88,              1.97
  3,     2,   23,       0,             0,                15,              1.0,            58,              0.99
  0,     1,   16,       0,             1,                25,              2.0,            82,              0.74
  6,    11,   22,       0,             0,                21,              3.0,            17,              0.54
  4,     4,    8,       1,             1,                 4,              1.0,            70,              1.58
  4,     1,   13,       1,             0,                 4,              1.0,            90,              1.24
  2,     2,   20,       0,             0,                26,              1.0,            96,              0.95
  0,     8,   13,       0,             1,                 6,              1.0,            95,              1.87
  5,    11,   18,       1,             0,                21,              1.0,            74,              0.8
  6,     4,    7,       0,             0,                10,              1.0,            47,              0.96
  3,     3,   17,       0,             0,                14,              1.0,            88,              0.71
  0,    11,   18,       0,             0,                 0,              3.0,             2,              0.5
  1,     2,   15,       0,             0,                25,              2.0,            60,              0.91
  1,     3,   14,       0,             0,                13,              1.0,            15,              0.78
  0,    10,   11,       0,             0,                19,              3.0,            20,              0.75
  2,     6,   19,       0,             1,                 7,              1.0,            86,              1.98
  4,     6,   23,       1,             0,                14,              2.0,            91,              0.76
  0,     4,    9,       0,             0,                21,              2.0,            39,              0.84
  1,     3,    7,       0,             1,                11,              1.0,            83,              1.4
  4,     8,    7,       1,             0,                 1,              3.0,             5,              0.55
  0,     8,   22,       0,             0,                28,              1.0,            84,              0.88
  2,     7,   12,       0,             0,                28,              1.0,            34,              0.73
  1,     2,   13,       0,             0,                27,              1.0,            38,              0.77
  3,    10,   21,       0,             1,                13,              1.0,            99,              1.69
  1,     7,   17,       0,             0,                23,              1.0,            81,              0.99
  1,     6,   10,       0,             1,                18,              1.0,            74,              0.73
  3,     8,   19,       0,             0,                10,              1.0,            79,              1.68
  6,    11,   11,       0,             0,                17,              3.0,             2,              0.62
  4,     8,   12,       1,             0,                26,              1.0,            70,              0.92
  5,     4,   13,       1,             0,                18,              1.0,            99,              0.88
  1,    10,    6,       0,             0,                 1,              1.0,            60,              1.19
  4,     1,   19,       1,             0,                15,              2.0,            92,              0.95
  3,     8,   13,       0,             1,                24,              1.0,            93,              0.82
  1,     3,   17,       0,             0,                20,              3.0,             0,              0.64
  2,     3,   20,       0,             0,                23,              1.0,            84,              0.84
  1,    12,   18,       0,             0,                27,              1.0,            84,              0.91
  0,    11,    8,       0,             0,                22,              1.0,            32,              0.79
  6,     5,   23,       0,             0,                 6,              2.0,            35,              1.15
  2,    12,    7,       0,             0,                29,              2.0,            33,              0.73
  2,     8,    7,       0,             0,                 5,              2.0,            34,              1.12
  6,     4,   10,       0,             0,                 7,              1.0,            30,              0.74
  6,    10,   12,       0,             0,                24,              1.0,            21,              0.97
  4,    11,   19,       1,             0,                 2,              1.0,            84,              1.59
  4,     2,   21,       1,             0,                21,              2.0,            98,              0.79
  4,     6,    8,       1,             0,                28,              1.0,            72,              0.82
  1,     5,    8,       0,             0,                 8,              1.0,            39,              1.1
  6,     4,   22,       0,             0,                 0,              1.0,            91,              2.18
  1,     8,   17,       0,             0,                23,              2.0,            79,              0.76
  0,     4,   22,       0,             0,                13,              1.0,            90,              1.72
  2,     8,   22,       0,             0,                14,              1.0,            88,              0.74
  6,     5,   11,       0,             0,                 7,              1.0,            19,              0.83
  0,     3,   17,       0,             0,                30,              1.0,            99,              0.75
  4,     5,   11,       1,             0,                26,              2.0,            98,              0.9
  1,     3,   13,       0,             0,                10,              1.0,            24,              0.68
  1,     4,   23,       0,             0,                21,              1.0,            52,              0.74
  3,     9,   11,       0,             0,                 3,              3.0,            12,              0.78
  6,     3,   20,       0,             0,                 4,              1.0,            93,              1.64
  4,     6,   15,       1,             0,                 9,              3.0,            24,              0.79
  4,    11,   10,       1,             0,                23,              3.0,            14,              0.6
  0,    12,   21,       0,             0,                 4,              2.0,            73,              1.45
  3,    10,   13,       0,             0,                 2,              1.0,            29,              0.79
  4,     9,   13,       1,             0,                24,              1.0,            70,              0.73
  6,     8,    8,       0,             0,                12,              1.0,            50,              1.14
  4,     1,   17,       1,             0,                22,              3.0,            11,              0.62
  0,     5,   17,       0,             0,                14,              3.0,             2,              0.56
  3,    12,   19,       0,             0,                 9,              1.0,            93,              1.98
  3,    12,   19,       0,             0,                18,              1.0,            74,              0.76
  3,     9,   16,       0,             1,                30,              1.0,            82,              0.73
  3,    11,   14,       0,             0,                17,              1.0,            28,              0.93
  1,     4,   11,       0,             0,                 9,              1.0,            11,              0.85
  2,    10,   15,       0,             0,                23,              1.0,            31,              0.94
  1,     5,   15,       0,             0,                26,              2.0,            37,              0.9
  2,     7,   11,       0,             0,                22,              2.0,            10,              0.74
  2,     8,    8,       0,             0,                11,              1.0,            66,              1.07
  2,    11,   21,       0,             0,                26,              1.0,            86,              0.92
  0,     5,   11,       0,             0,                 4,              1.0,            38,              0.81
  2,     3,    7,       0,             0,                13,              2.0,            52,              0.92
  2,     9,    8,       0,             0,                24,              2.0,            36,              0.88
  1,     9,   16,       0,             0,                26,              2.0,            49,              0.78
  5,    12,   17,       1,             1,                18,              1.0,            74,              0.7
  4,     5,   17,       1,             0,                13,              1.0,            99,              1.33
  1,     3,   22,       0,             0,                 6,              2.0,            87,              1.69
  6,     9,   23,       0,             0,                22,              2.0,            37,              0.83
  0,     2,   10,       0,             0,                15,              1.0,            32,              0.81
  6,     8,   22,       0,             0,                10,              1.0,            79,              1.22
  6,     2,   13,       0,             0,                22,              1.0,            17,              0.79
  1,     3,    8,       0,             0,                24,              2.0,            34,              0.71
  3,     7,    7,       0,             0,                 1,              2.0,            62,              1.14
  3,     2,   14,       0,             1,                 9,              2.0,            94,              1.28
  0,    10,   12,       0,             0,                 6,              1.0,            21,              0.61
  1,    12,   14,       0,             0,                11,              1.0,            37,              0.75
  5,    10,   13,       1,             0,                 2,              1.0,            88,              2.33
  4,     4,   12,       1,             0,                 5,              3.0,            17,              0.5
  5,     2,   12,       1,             0,                27,              2.0,            81,              0.91
  1,     8,    9,       0,             0,                11,              3.0,            13,              0.56
  1,     7,    9,       0,             0,                10,              1.0,            13,              0.76
  3,     6,   15,       0,             0,                 1,              1.0,            61,              0.95
  2,     8,   15,       0,             0,                26,              1.0,            65,              0.82
  6,     7,   12,       0,             0,                28,              2.0,            25,              0.98
  2,     3,    6,       0,             0,                15,              2.0,            55,              0.83
  5,    11,    8,       1,             0,                12,              1.0,            88,              1.98
  5,     3,    8,       1,             0,                 6,              1.0,            89,              1.88
  3,     2,   13,       0,             0,                23,              1.0,            34,              0.91
  4,    10,   14,       1,             0,                25,              2.0,            82,              0.81
  5,    10,   18,       1,             0,                16,              1.0,            94,              0.84
  0,     5,   21,       0,             0,                20,              3.0,             0,              0.53
  0,     2,   21,       0,             0,                 5,              1.0,            91,              1.46
  2,    10,    9,       0,             0,                21,              2.0,            34,              0.85
  3,     4,   15,       0,             0,                15,              1.0,            64,              0.8
  6,     9,   23,       0,             1,                24,              1.0,            83,              0.96
  0,     7,   20,       0,             0,                12,              1.0,            71,              1.23
  4,    11,   15,       1,             0,                 5,              1.0,            74,              1.45
  3,     8,    9,       0,             0,                15,              2.0,            31,              0.86
  3,     8,   23,       0,             0,                16,              1.0,            46,              0.85
  3,    10,   17,       0,             0,                 9,              1.0,            70,              1.67
  1,     6,   17,       0,             0,                18,              1.0,            98,              0.89
  3,     2,   19,       0,             0,                11,              1.0,            71,              1.73
  1,     4,   15,       0,             0,                29,              2.0,            49,              0.73
  1,     1,   23,       0,             0,                14,              2.0,            57,              0.87
  3,     5,    6,       0,             0,                18,              1.0,            50,              0.81
  3,     6,    9,       0,             0,                 3,              2.0,            16,              0.7
  4,    11,   16,       1,             0,                 9,              1.0,            83,              1.36
  5,     2,   23,       1,             0,                 8,              1.0,            88,              1.52
  1,    10,    8,       0,             0,                18,              1.0,            51,              0.78
  4,     9,   21,       1,             0,                11,              2.0,            90,              1.86
  4,     5,   19,       1,             0,                10,              1.0,            82,              1.4
  4,     8,   23,       1,             0,                 0,              2.0,            86,              2.4
  4,     8,   12,       1,             0,                26,              2.0,            84,              0.78
  5,     9,   19,       1,             0,                23,              2.0,            86,              0.76
  3,     3,   13,       0,             0,                21,              2.0,            37,              0.83
  2,     2,   12,       0,             0,                 8,              2.0,            30,              0.65
  5,    10,   13,       1,             0,                 3,              1.0,            70,              1.4
  6,     5,   20,       0,             0,                13,              1.0,            98,              1.23
  1,     5,   10,       0,             1,                25,              2.0,            91,              0.87
  5,     1,   21,       1,             0,                 1,              3.0,             2,              0.59
  2,     2,   19,       0,             0,                21,              2.0,            72,              0.82
  6,    12,   10,       0,             0,                18,              2.0,            39,              0.74
  5,    10,   22,       1,             0,                28,              1.0,            89,              0.74
  6,     6,   16,       0,             0,                23,              1.0,            45,              0.98
  1,     3,    9,       0,             0,                 8,              1.0,            18,              0.86
  0,     8,   23,       0,             0,                30,              1.0,            64,              0.83
  5,     4,   14,       1,             0,                29,              1.0,            85,              0.91
  6,     5,    6,       0,             0,                28,              2.0,            33,              0.91
  6,    11,   13,       0,             0,                12,              1.0,            40,              0.81
  6,    11,    9,       0,             0,                 7,              3.0,            12,              0.5
  3,     5,   15,       0,             1,                26,              2.0,            79,              0.76
  1,     8,   16,       0,             0,                24,              2.0,            32,              0.78
  0,     8,   21,       0,             0,                29,              2.0,            92,              0.83
  6,     2,   11,       0,             0,                16,              1.0,            23,              0.88
  6,     9,   16,       0,             0,                 0,              2.0,            41,              1.15
  6,    11,   10,       0,             1,                 6,              2.0,            80,              1.66
  0,     3,   13,       0,             0,                24,              2.0,            34,              0.74
  4,    11,   19,       1,             0,                10,              1.0,            97,              1.79
  2,     3,   16,       0,             0,                 6,              1.0,            53,              0.97
  3,    10,   13,       0,             1,                 0,              3.0,            20,              0.68
  1,     2,   20,       0,             0,                22,              3.0,             1,              0.62
  3,    10,   14,       0,             0,                30,              1.0,            40,              0.87
  0,    12,   22,       0,             0,                29,              3.0,            26,              0.7
  0,     4,   12,       0,             0,                27,              2.0,            18,              0.79
  3,     7,   10,       0,             0,                 6,              2.0,            36,              0.68
  5,     4,   19,       1,             0,                25,              1.0,            79,              0.99
  1,    10,   20,       0,             0,                11,              1.0,            90,              1.57
  0,     8,   10,       0,             0,                22,              1.0,            16,              0.91
  5,     7,   14,       1,             1,                17,              1.0,            80,              0.98
  3,     6,    7,       0,             1,                16,              2.0,            79,              0.99
  5,     6,   10,       1,             0,                17,              1.0,            75,              0.78
  4,     8,   16,       1,             0,                 4,              1.0,            92,              1.62
  1,     5,    9,       0,             0,                 4,              1.0,            36,              0.68
  2,     7,   15,       0,             0,                 8,              2.0,            46,              1.11
  3,     3,   16,       0,             0,                15,              2.0,            39,              0.87
  5,    11,   20,       1,             1,                 4,              1.0,            75,              1.23
  2,     3,   20,       0,             0,                28,              3.0,             1,              0.63
  5,     9,   21,       1,             0,                 3,              2.0,            97,              1.32
  2,     2,   12,       0,             0,                 5,              2.0,            33,              0.75
  2,    10,   12,       0,             0,                 0,              1.0,            28,              0.65
  0,     4,   21,       0,             0,                28,              1.0,            79,              0.9
  5,     2,   18,       1,             0,                29,              3.0,            26,              0.6
  0,     2,   20,       0,             0,                21,              1.0,            90,              0.99
  4,    11,    6,       1,             0,                 1,              2.0,           100,              2.12
  5,    12,   10,       1,             0,                 1,              2.0,            79,              1.46
  0,    12,    8,       0,             0,                19,              1.0,            55,              0.78
  1,     7,    8,       0,             1,                 6,              1.0,            94,              1.52
  5,    11,   10,       1,             0,                15,              2.0,            93,              0.94
  2,    11,   10,       0,             0,                 3,              2.0,            26,              0.66
  3,     7,   21,       0,             0,                19,              1.0,            94,              0.83
  2,    10,   11,       0,             0,                13,              1.0,            26,              0.7
  3,    11,   13,       0,             0,                22,              1.0,            25,              0.86
  5,     9,    8,       1,             0,                13,              1.0,            95,              1.58
  1,     3,   15,       0,             0,                16,              1.0,            66,              0.71
  0,     1,   22,       0,             0,                13,              1.0,            84,              1.73
  4,     5,   17,       1,             0,                 2,              2.0,            70,              1.29
  5,     8,   11,       1,             0,                26,              1.0,            72,              0.82
  5,     5,   16,       1,             0,                14,              2.0,            84,              0.89
  2,     6,   11,       0,             0,                 2,              2.0,            29,              0.68
  5,     2,   19,       1,             0,                 0,              1.0,            70,              1.34
  3,     8,   18,       0,             0,                30,              2.0,            93,              0.85
  4,    10,   17,       1,             0,                30,              2.0,            82,              0.94
  0,     3,   10,       0,             1,                 3,              2.0,            92,              1.98
  6,     1,   12,       0,             0,                 4,              2.0,            23,              0.85
  6,     9,   12,       0,             1,                24,              1.0,            85,              0.83
  0,     3,   10,       0,             0,                14,              3.0,            15,              0.51
  3,    10,   13,       0,             0,                18,              2.0,            22,              0.72
  0,     2,   19,       0,             0,                27,              1.0,            88,              0.88
  4,     5,    7,       1,             0,                15,              1.0,            93,              0.88
  5,     8,   13,       1,             0,                16,              1.0,            88,              0.79
  0,     5,   19,       0,             0,                 3,              1.0,           100,              1.72
  3,    12,   19,       0,             1,                 9,              2.0,            85,              1.48
  1,     9,   13,       0,             0,                21,              1.0,            29,              0.96
  5,    11,   20,       1,             0,                 9,              2.0,            82,              1.97
  6,    11,   17,       0,             0,                25,              3.0,             5,              0.69
  2,    12,    8,       0,             0,                 4,              1.0,            40,              1.14
  0,     7,   21,       0,             0,                 6,              1.0,            70,              1.49
  2,     6,   11,       0,             0,                27,              3.0,             1,              0.74
  2,     7,    9,       0,             0,                 3,              1.0,            25,              0.68
  2,     6,    7,       0,             0,                17,              1.0,            39,              0.96
  6,     9,    9,       0,             0,                29,              3.0,            25,              0.64
  6,     2,    9,       0,             0,                19,              2.0,            40,              0.73
  4,     1,   22,       1,             0,                20,              1.0,            76,              0.97
  1,    12,   15,       0,             0,                24,              1.0,            36,              0.75
  2,     6,   10,       0,             0,                 6,              1.0,            23,              0.83
  0,     4,   21,       0,             0,                16,              1.0,            78,              0.81
  6,     7,   17,       0,             0,                 7,              1.0,            94,              1.62
  6,     4,   10,       0,             0,                13,              3.0,            28,              0.64
  6,     9,   17,       0,             0,                14,              1.0,            70,              0.92
  4,     2,    8,       1,             0,                12,              3.0,             5,              0.63
  3,     1,   10,       0,             0,                 1,              3.0,            22,              0.74
  4,     5,   19,       1,             0,                21,              2.0,            97,              0.79
  5,     6,   17,       1,             1,                 8,              3.0,            19,              0.78
  5,     7,   20,       1,             0,                28,              1.0,            95,              0.89
  3,    12,   17,       0,             0,                25,              2.0,            94,              0.76
  2,     2,    7,       0,             0,                12,              2.0,            38,              1.11
  4,     5,   12,       1,             1,                17,              1.0,            80,              0.93
  1,     1,    6,       0,             0,                17,              1.0,            45,              0.95
  2,    12,   19,       0,             0,                 3,              2.0,            96,              1.5
  5,     9,   17,       1,             0,                24,              2.0,            73,              0.83
  4,    12,    6,       1,             0,                 7,              2.0,            88,              1.65
  5,    11,   23,       1,             0,                 7,              1.0,            79,              1.73
  6,    12,   10,       0,             0,                16,              2.0,            13,              0.8
  4,     4,   17,       1,             0,                 4,              2.0,            96,              1.53
  0,     1,   19,       0,             0,                15,              1.0,            72,              0.81
  4,     7,   23,       1,             0,                12,              3.0,            18,              0.65
  3,     8,   21,       0,             0,                13,              2.0,            74,              1.6
  3,    12,   20,       0,             0,                22,              1.0,            86,              0.74
  1,     8,   21,       0,             1,                 5,              3.0,            11,              0.78
  0,    10,   19,       0,             0,                11,              1.0,            71,              1.62
  0,     6,   15,       0,             0,                 9,              1.0,            31,              1.22
  1,    10,   19,       0,             1,                28,              1.0,            79,              0.76
  6,    12,   21,       0,             1,                17,              1.0,            97,              0.71
  3,    10,   15,       0,             0,                28,              1.0,            54,              0.84
  5,    10,   10,       1,             0,                16,              2.0,            94,              0.83
  3,     3,   16,       0,             1,                19,              2.0,            83,              0.82
  3,     6,   23,       0,             1,                21,              3.0,            23,              0.58
  0,     3,    6,       0,             0,                25,              2.0,            49,              0.87
  0,    11,   23,       0,             1,                30,              2.0,            88,              0.93
  4,     9,   12,       1,             0,                16,              3.0,             3,              0.7
  4,     3,    6,       1,             0,                 6,              1.0,            92,              1.87
  4,     8,    8,       1,             0,                19,              1.0,            88,              0.71
  6,     1,   16,       0,             0,                13,              1.0,            63,              1.03
  2,     2,    9,       0,             0,                17,              1.0,            14,              0.75
  6,     2,   10,       0,             0,                13,              2.0,            11,              0.78
  2,     3,    6,       0,             0,                 9,              1.0,            50,              0.96
  2,     5,   18,       0,             0,                28,              1.0,            76,              0.77
  4,    10,   13,       1,             0,                24,              1.0,           100,              0.73
  0,     6,   20,       0,             0,                 2,              1.0,            83,              1.71
  0,     5,   23,       0,             0,                21,              1.0,            65,              0.9
  1,     5,   19,       0,             0,                27,              2.0,            76,              0.93
  1,     6,   23,       0,             0,                25,              1.0,            57,              0.99
  4,     8,    7,       1,             1,                14,              3.0,            19,              0.59
  1,     1,    7,       0,             0,                15,              1.0,            46,              0.95
  3,     6,   12,       0,             0,                16,              1.0,            15,              0.92
  4,     2,   15,       1,             1,                22,              1.0,            74,              0.92
  2,     7,   12,       0,             0,                30,              2.0,            38,              0.9
  2,    11,   14,       0,             0,                22,              1.0,            17,              0.9
  2,     6,   12,       0,             0,                19,              1.0,            39,              0.91
  5,     1,   21,       1,             1,                 0,              2.0,            83,              1.64
  5,    12,   21,       1,             0,                17,              1.0,            98,              0.89
  0,     9,    6,       0,             0,                26,              2.0,            37,              0.81
  6,     7,   17,       0,             0,                26,              2.0,            92,              1.0
  0,     8,   17,       0,             0,                14,              1.0,            93,              0.71
  2,    11,   17,       0,             0,                26,              2.0,            79,              0.94
  1,     4,   21,       0,             0,                 1,              1.0,            98,              2.29
  4,     4,    6,       1,             0,                26,              2.0,            73,              0.96
  4,     9,   21,       1,             0,                 6,              2.0,            88,              1.74
  4,    10,   11,       1,             1,                 4,              2.0,            74,              1.41
  4,     4,   22,       1,             0,                 8,              1.0,            91,              1.22
  5,    11,   23,       1,             0,                21,              1.0,            84,              0.7
  3,    11,    7,       0,             0,                10,              1.0,            56,              1.01
  5,     9,   20,       1,             0,                16,              2.0,            98,              0.92
  0,     5,   19,       0,             0,                10,              1.0,            76,              1.47
  4,     1,   13,       1,             0,                13,              3.0,            29,              0.57
  1,     6,   15,       0,             1,                20,              1.0,            85,              0.83
  0,    10,   16,       0,             0,                 7,              1.0,            45,              1.28
  6,     1,   16,       0,             0,                 7,              3.0,            24,              0.68
  3,     2,   20,       0,             0,                 2,              3.0,            29,              0.51
  2,    12,    8,       0,             0,                 1,              3.0,            14,              0.52
  4,    11,   19,       1,             1,                21,              1.0,            71,              0.79
  3,     7,    9,       0,             0,                13,              1.0,            29,              0.84
  4,     1,   20,       1,             0,                25,              1.0,            89,              0.89
  2,    11,    6,       0,             0,                10,              1.0,            36,              0.94
  4,    12,    8,       1,             0,                26,              1.0,            88,              0.74
  4,     5,   17,       1,             0,                23,              2.0,            75,              0.77
  6,     1,    7,       0,             0,                18,              1.0,            52,              0.79
  4,     3,   10,       1,             0,                19,              1.0,            81,              0.99
  4,    10,   10,       1,             1,                16,              2.0,            87,              0.96
  3,     6,   12,       0,             0,                20,              3.0,            25,              0.52
  1,    11,   21,       0,             0,                14,              1.0,            80,              0.96
  4,     6,   15,       1,             0,                 5,              1.0,            98,              1.83
  0,     8,   13,       0,             0,                20,              1.0,            17,              0.84
  1,     4,   21,       0,             0,                30,              2.0,            95,              0.92
  1,     7,   11,       0,             0,                 0,              1.0,            12,              0.71
  4,     2,   10,       1,             0,                 6,              2.0,            99,              1.81
  0,     1,   12,       0,             0,                 5,              1.0,            18,              0.82
  2,     9,   13,       0,             0,                 0,              1.0,            18,              0.87
  0,    11,   10,       0,             0,                25,              3.0,            10,              0.78
  2,     8,   13,       0,             0,                11,              2.0,            40,              0.76
  6,    10,   19,       0,             0,                 2,              1.0,            98,              2.45
  6,     4,   12,       0,             0,                22,              1.0,            29,              0.83
  5,     4,    7,       1,             0,                18,              1.0,            87,              0.79
  1,     6,   13,       0,             1,                25,              1.0,            74,              0.96
  4,     8,   12,       1,             0,                25,              1.0,            91,              0.88
  1,     9,   18,       0,             0,                20,              2.0,            81,              0.85
  3,     3,   16,       0,             0,                16,              2.0,            61,              0.84
  4,     7,    7,       1,             0,                28,              1.0,            97,              0.77
  1,     5,   19,       0,             0,                18,              1.0,            96,              0.81
  4,     2,   10,       1,             0,                 9,              1.0,            81,              1.38
  0,     8,   22,       0,             0,                13,              1.0,            83,              1.53
  6,     8,   16,       0,             0,                 0,              1.0,            44,              1.01
  0,     6,    8,       0,             0,                16,              1.0,            35,              0.94
  1,     2,    9,       0,             1,                 1,              1.0,            80,              1.36
  2,     5,   15,       0,             0,                24,              2.0,            47,              0.76
  4,     3,   23,       1,             0,                 0,              2.0,            79,              1.86
  6,     7,   18,       0,             0,                24,              2.0,            85,              0.9
  6,     3,   18,       0,             0,                23,              2.0,            85,              0.77
  4,     9,   20,       1,             0,                14,              1.0,            72,              0.79
  1,     7,   19,       0,             0,                14,              3.0,             0,              0.61
  4,     3,   15,       1,             0,                 0,              1.0,            91,              2.38
  2,     4,   19,       0,             0,                24,              1.0,            94,              0.91
  2,     6,    6,       0,             0,                 1,              3.0,             4,              0.79
  2,    10,   18,       0,             0,                 6,              3.0,             2,              0.66
  1,     8,    9,       0,             0,                30,              1.0,            38,              0.79
  1,     2,   23,       0,             0,                26,              2.0,            61,              0.71
  1,     2,   18,       0,             0,                 7,              1.0,            86,              1.26
  0,     6,   22,       0,             1,                10,              3.0,            13,              0.62
  0,     3,   23,       0,             0,                23,              1.0,            43,              0.74
  1,     5,   19,       0,             0,                21,              1.0,            89,              0.87
  2,    10,   12,       0,             0,                21,              1.0,            16,              0.7
  1,     8,    8,       0,             0,                19,              2.0,            63,              0.8
  4,     8,   20,       1,             0,                 1,              2.0,            79,              1.72
  3,     6,   15,       0,             0,                26,              2.0,            41,              0.82
  1,    10,   19,       0,             0,                29,              2.0,            92,              0.87
  3,    12,    7,       0,             0,                27,              1.0,            70,              0.86
  5,     2,   12,       1,             0,                13,              3.0,            17,              0.54
  2,     2,    9,       0,             0,                24,              1.0,            24,              0.75
  1,     9,    7,       0,             0,                 2,              2.0,            59,              1.05
  5,     7,   12,       1,             0,                 0,              1.0,            92,              2.44
  2,    11,   20,       0,             0,                 2,              1.0,            91,              1.97
  3,     3,   21,       0,             0,                26,              1.0,            96,              0.71
  0,     3,   15,       0,             0,                23,              1.0,            34,              0.9
  0,    11,   14,       0,             0,                11,              1.0,            32,              0.61
  5,     9,   12,       1,             0,                 1,              2.0,            95,              2.17
  5,    12,    9,       1,             0,                 9,              1.0,            89,              1.2
  6,     7,   12,       0,             0,                11,              3.0,             6,              0.53
  3,     1,    6,       0,             0,                 6,              2.0,            34,              0.99
  0,    11,   11,       0,             0,                 1,              1.0,            13,              0.84
  2,     9,   12,       0,             0,                29,              1.0,            40,              0.83
  1,     4,    9,       0,             0,                 5,              1.0,            30,              0.69
  3,     4,   20,       0,             0,                21,              2.0,            90,              0.89
  0,     2,   12,       0,             0,                24,              1.0,            13,              0.91
  6,    10,   11,       0,             0,                 3,              1.0,            30,              0.81
  5,    12,   10,       1,             0,                20,              2.0,            92,              0.8
  6,    11,   21,       0,             1,                 0,              2.0,            88,              2.11
  4,    11,   13,       1,             0,                22,              3.0,             7,              0.51
  6,     2,   15,       0,             0,                13,              2.0,            69,              0.93
  1,     6,   21,       0,             0,                 4,              1.0,            90,              1.23
  5,    10,   20,       1,             0,                10,              1.0,            80,              1.71
  6,     1,   22,       0,             0,                13,              2.0,            79,              1.8
  1,    12,   16,       0,             0,                 6,              1.0,            45,              1.22
  5,    12,   13,       1,             0,                12,              1.0,            75,              1.55
  0,     2,   21,       0,             1,                 6,              1.0,            74,              1.95
  1,     2,   11,       0,             0,                26,              2.0,            16,              0.77
  0,     7,   20,       0,             0,                23,              1.0,            83,              0.75
  1,     5,   15,       0,             0,                30,              2.0,            47,              0.96
  3,     2,   17,       0,             0,                 5,              1.0,            83,              1.6
  5,     7,   10,       1,             0,                25,              1.0,            94,              0.81
  6,     2,   15,       0,             0,                 4,              1.0,            41,              1.0
  3,     5,   20,       0,             0,                17,              2.0,            72,              0.8
  5,     8,   12,       1,             0,                 6,              1.0,            97,              1.6
  5,     6,   21,       1,             0,                13,              3.0,            23,              0.61
  3,     5,    8,       0,             0,                 1,              3.0,             3,              0.62
  4,     3,   12,       1,             0,                30,              1.0,            99,              0.93
  2,     9,   21,       0,             0,                11,              2.0,            90,              1.51
  3,    12,   13,       0,             0,                 1,              3.0,            11,              0.69
  5,     1,   10,       1,             0,                14,              3.0,             4,              0.58
  4,    10,   11,       1,             1,                24,              1.0,            92,              0.98
  3,    12,    8,       0,             0,                 6,              3.0,             5,              0.75
  2,    12,   15,       0,             0,                17,              2.0,            54,              0.88
  5,     7,    8,       1,             0,                18,              2.0,            81,              0.94
  2,    12,   12,       0,             0,                12,              2.0,            10,              0.9
  6,     8,    6,       0,             1,                24,              2.0,            86,              0.83
  2,    12,   19,       0,             0,                11,              1.0,            74,              1.36
  1,     9,    9,       0,             0,                26,              1.0,            16,              0.72
  1,     4,   14,       0,             0,                27,              1.0,            30,              0.97
  0,    11,   11,       0,             1,                 2,              1.0,            78,              1.25
  0,    10,   13,       0,             0,                21,              2.0,            10,              0.72
  6,     1,    7,       0,             1,                16,              2.0,            82,              0.88
  6,     5,   21,       0,             0,                10,              2.0,            80,              1.5
  2,     6,   13,       0,             0,                21,              1.0,            29,              0.72
  2,     6,    9,       0,             1,                27,              2.0,            93,              0.95
  1,     1,    9,       0,             0,                 8,              3.0,            24,              0.74
  2,     8,   21,       0,             0,                21,              1.0,            90,              0.99
  6,     6,    6,       0,             0,                27,              1.0,            50,              0.9
  1,    10,   21,       0,             0,                19,              2.0,            81,              0.83
  3,    11,    9,       0,             0,                 9,              2.0,            32,              0.64
  4,    10,   22,       1,             1,                15,              2.0,            79,              0.95
  4,     8,   11,       1,             0,                30,              1.0,            91,              0.86
  1,     4,   11,       0,             0,                21,              2.0,            13,              0.83
  5,     1,   11,       1,             0,                10,              3.0,            24,              0.58
  5,     5,   21,       1,             0,                21,              1.0,            74,              0.98
  5,    12,   21,       1,             1,                22,              1.0,            77,              0.98
  6,    10,    8,       0,             0,                12,              3.0,            23,              0.72
  3,    11,   23,       0,             0,                13,              2.0,            44,              1.0
  2,     2,    9,       0,             1,                23,              1.0,            76,              0.92
  0,    10,   17,       0,             0,                10,              3.0,            18,              0.72
  2,     1,   23,       0,             0,                12,              3.0,            10,              0.73
  6,    11,   10,       0,             0,                19,              1.0,            13,              0.82
  4,     8,   16,       1,             0,                30,              1.0,            77,              0.85
  3,     3,   15,       0,             0,                21,              2.0,            32,              0.88
  2,     9,    9,       0,             0,                27,              2.0,            25,              0.89
  1,     8,   15,       0,             0,                12,              1.0,            51,              0.96
  5,     4,   13,       1,             0,                 1,              3.0,            24,              0.55
  3,    12,   18,       0,             0,                26,              2.0,            97,              0.75
  0,     9,   18,       0,             0,                21,              1.0,            81,              0.93
  3,     2,   22,       0,             0,                 9,              2.0,            76,              1.76
  4,     7,    9,       1,             0,                24,              2.0,            97,              0.94
  6,    12,   15,       0,             0,                 5,              1.0,            58,              1.18
  2,     3,   12,       0,             0,                23,              1.0,            30,              0.7
  5,    10,    9,       1,             0,                27,              1.0,           100,              0.99
  5,     3,    7,       1,             1,                15,              1.0,            71,              0.74
  4,    11,   16,       1,             0,                 4,              2.0,            82,              1.4
  0,     4,   18,       0,             0,                22,              1.0,            75,              0.9
  3,    12,    8,       0,             0,                27,              2.0,            54,              0.78
  5,     8,   17,       1,             1,                 3,              1.0,            85,              1.71
  4,     4,    6,       1,             0,                18,              1.0,            92,              0.92
  6,    10,   11,       0,             0,                20,              2.0,            19,              0.87
  0,     6,    8,       0,             0,                27,              2.0,            41,              0.82
  5,     1,   18,       1,             0,                17,              2.0,            86,              0.85
  4,    10,   23,       1,             0,                25,              2.0,            94,              0.93
  5,     2,   11,       1,             0,                22,              1.0,            87,              0.83
  2,     2,    7,       0,             0,                 6,              2.0,            35,              1.12
  6,     1,    8,       0,             0,                16,              1.0,            64,              0.75
  5,     1,   13,       1,             0,                30,              3.0,            28,              0.73
  5,     9,   20,       1,             0,                15,              2.0,            86,              0.97
  2,    10,   23,       0,             0,                22,              1.0,            32,              0.77
  1,     3,   15,       0,             0,                 6,              3.0,            19,              0.67
  4,     6,   14,       1,             0,                19,              1.0,            87,              0.78
  3,    11,   11,       0,             0,                 2,              3.0,            21,              0.63
  5,     3,   23,       1,             0,                20,              2.0,            90,              0.91
  1,    12,   17,       0,             0,                20,              2.0,            89,              0.75
  6,     3,   16,       0,             0,                13,              1.0,            68,              1.0
  2,     2,   23,       0,             0,                17,              1.0,            51,              0.89
  2,     6,   14,       0,             0,                25,              1.0,            10,              0.73
  1,     7,    9,       0,             0,                 3,              1.0,            33,              0.86
  4,     8,    9,       1,             0,                22,              1.0,            79,              0.87
  4,     2,    7,       1,             0,                30,              2.0,            75,              0.8
  5,    11,   23,       1,             0,                28,              2.0,            85,              0.88
  2,     1,   22,       0,             0,                21,              1.0,            82,              0.87
  2,     1,   17,       0,             0,                 7,              2.0,            83,              1.77
  1,     8,   17,       0,             0,                16,              1.0,           100,              0.83
  5,     4,   15,       1,             0,                 2,              3.0,            13,              0.73
  6,     2,    8,       0,             1,                 7,              3.0,             5,              0.67
  0,    12,   15,       0,             0,                15,              2.0,            30,              0.99
  3,    11,   22,       0,             0,                 4,              1.0,            86,              1.75
  5,     9,    9,       1,             0,                19,              1.0,            96,              0.92
  5,     7,   23,       1,             0,                 7,              3.0,            21,              0.79
  6,     9,    7,       0,             0,                30,              1.0,            63,              0.97
  1,     2,   17,       0,             0,                16,              1.0,            71,              0.83
  3,     3,   17,       0,             0,                10,              3.0,             7,              0.75
  6,     2,   15,       0,             0,                 9,              1.0,            30,              1.2
  4,     7,   12,       1,             0,                29,              3.0,            20,              0.65
  0,     8,   21,       0,             1,                 0,              2.0,            80,              1.44
  0,     1,   17,       0,             0,                 5,              1.0,            70,              1.28
  3,     4,    8,       0,             0,                28,              1.0,            37,              0.97
  0,     3,   14,       0,             0,                12,              1.0,            21,              0.73
  1,     9,   14,       0,             0,                14,              2.0,            24,              0.75
  2,    12,   19,       0,             1,                28,              3.0,             6,              0.53
  2,     1,   10,       0,             0,                23,              1.0,            11,              0.75
  1,     8,   14,       0,             0,                15,              1.0,            35,              0.9
  1,     6,   18,       0,             0,                29,              2.0,            96,              0.82
  0,     2,    6,       0,             0,                11,              1.0,            45,              0.92
  6,     6,   19,       0,             0,                23,              1.0,            85,              0.79
  3,     2,   19,       0,             0,                 4,              2.0,            75,              1.4
  6,     2,   14,       0,             0,                 7,              2.0,            23,              0.66
  5,     2,   22,       1,             0,                 6,              3.0,            18,              0.69
  1,     4,    9,       0,             0,                 1,              1.0,            16,              0.88
  3,     1,   12,       0,             1,                 1,              1.0,            86,              2.01
  5,     4,   13,       1,             0,                15,              1.0,            83,              0.89
  2,     2,   14,       0,             0,                30,              1.0,            23,              0.77
  0,     3,    7,       0,             1,                21,              2.0,            76,              0.79
  2,    10,    9,       0,             0,                 8,              3.0,            11,              0.6
  0,     2,    6,       0,             0,                24,              3.0,            10,              0.61
  6,     6,   22,       0,             0,                 7,              2.0,            76,              1.67
  0,     2,   10,       0,             0,                19,              1.0,            28,              0.99
  5,     4,   12,       1,             0,                29,              1.0,           100,              0.86
  2,     5,   21,       0,             0,                 6,              1.0,            74,              1.24
  1,     7,   23,       0,             0,                28,              3.0,            27,              0.75
  4,     6,   17,       1,             0,                22,              1.0,            83,              0.72
  3,     9,   22,       0,             0,                 5,              1.0,            92,              1.97
  2,     1,    7,       0,             0,                22,              1.0,            55,              0.85
  4,     9,    8,       1,             0,                24,              1.0,            87,              0.93
  3,    10,   14,       0,             0,                 0,              1.0,            16,              0.78
  0,     9,   20,       0,             0,                23,              1.0,            79,              0.96
  2,    12,   14,       0,             0,                 5,              1.0,            27,              0.67
  0,    11,   10,       0,             0,                 8,              3.0,             8,              0.76
  0,    11,   13,       0,             0,                 6,              1.0,            10,              0.79
  5,    10,   17,       1,             0,                30,              2.0,            87,              0.78
  1,     7,   15,       0,             0,                 1,              2.0,            30,              1.23
  1,    12,   14,       0,             0,                 0,              1.0,            37,              0.83
  6,    10,    9,       0,             0,                22,              1.0,            30,              0.78
  5,    11,   23,       1,             0,                14,              1.0,            78,              0.76
  5,     7,   10,       1,             0,                23,              2.0,            81,              0.74
  3,     2,   21,       0,             0,                 5,              2.0,            75,              1.35
  3,    12,   11,       0,             0,                 0,              1.0,            38,              0.65
  3,    11,   12,       0,             1,                 2,              1.0,            84,              1.93
  3,     2,   22,       0,             0,                24,              2.0,            89,              0.73
  3,     1,    9,       0,             0,                24,              2.0,            39,              0.71
  1,     2,   14,       0,             0,                20,              1.0,            35,              0.99
  6,     2,   23,       0,             0,                10,              3.0,             2,              0.56
  3,    10,   20,       0,             0,                 9,              1.0,            74,              1.4
  4,    12,   14,       1,             0,                 3,              1.0,            71,              1.28
  2,     2,   22,       0,             0,                13,              1.0,            99,              1.38
  1,     7,   18,       0,             0,                20,              1.0,            99,              0.96
  3,    11,    9,       0,             0,                 3,              1.0,            40,              0.89
  2,     2,   16,       0,             0,                29,              3.0,             2,              0.77
  4,     3,   11,       1,             0,                10,              1.0,            91,              1.54
  5,    11,   15,       1,             0,                 9,              1.0,            73,              1.42
  3,    11,   17,       0,             0,                25,              3.0,            25,              0.52
  0,     3,   10,       0,             0,                12,              1.0,            35,              0.84
  3,     2,    9,       0,             0,                30,              2.0,            14,              0.73
  1,     3,   18,       0,             0,                15,              1.0,            92,              0.99
  4,    11,   16,       1,             0,                30,              2.0,            77,              0.81
  4,     8,   23,       1,             0,                17,              1.0,            77,              0.82
  4,    12,   19,       1,             0,                24,              2.0,            93,              0.77
  0,     4,   17,       0,             1,                27,              1.0,            87,              0.84
  1,     2,    7,       0,             0,                11,              2.0,            38,              1.02
  1,     9,   19,       0,             0,                26,              1.0,            93,              0.74
  5,    12,   10,       1,             0,                 0,              2.0,            83,              1.5
  5,     2,    8,       1,             0,                19,              3.0,             0,              0.54
  1,     2,   13,       0,             1,                18,              2.0,            83,              0.74
  1,     8,   10,       0,             0,                22,              3.0,            15,              0.62
  2,     8,    6,       0,             0,                 4,              1.0,            32,              1.14
  1,     9,   11,       0,             1,                26,              1.0,           100,              0.96
  4,    12,   14,       1,             0,                16,              1.0,            77,              0.83
  1,     5,    8,       0,             0,                30,              1.0,            43,              0.82
  0,     4,   18,       0,             0,                23,              3.0,            19,              0.75
  6,    12,   20,       0,             0,                20,              2.0,            96,              0.81
  0,     6,   19,       0,             0,                 3,              1.0,            81,              1.68
  6,     6,    6,       0,             0,                 5,              1.0,            34,              0.98
  0,     5,   12,       0,             0,                20,              3.0,             7,              0.58
  4,    10,    7,       1,             0,                25,              1.0,            71,              0.79
  2,     1,   17,       0,             0,                30,              1.0,            76,              0.79
  3,    12,   17,       0,             0,                22,              2.0,            80,              0.82
  5,     9,    9,       1,             0,                24,              1.0,            88,              0.94
  3,    10,    7,       0,             0,                 4,              2.0,            35,              1.25
  0,    12,   13,       0,             0,                25,              2.0,            14,              0.93
  1,     9,   22,       0,             0,                19,              2.0,            99,              0.93
  3,     3,   16,       0,             0,                19,              3.0,            13,              0.51
  5,    11,   18,       1,             0,                19,              2.0,           100,              0.75
  5,     8,    9,       1,             0,                 4,              2.0,            79,              1.64
  6,     2,   21,       0,             1,                10,              1.0,            79,              1.33
  2,    10,   17,       0,             0,                 2,              1.0,            94,              2.12
  3,     5,   20,       0,             0,                 4,              3.0,            18,              0.65
  2,     5,   18,       0,             0,                19,              3.0,             4,              0.63
  4,    10,   16,       1,             0,                21,              1.0,            84,              0.78
  5,     1,    7,       1,             0,                 7,              2.0,            87,              1.21
  6,     2,   15,       0,             0,                18,              1.0,            34,              0.77
  6,     8,    8,       0,             0,                14,              2.0,            59,              0.73
  1,    12,    9,       0,             0,                29,              1.0,            23,              0.76
  2,     2,   16,       0,             0,                19,              1.0,            60,              0.73
  3,     1,   23,       0,             0,                15,              1.0,            43,              0.8
  0,    10,   18,       0,             1,                25,              1.0,            83,              0.99
  1,     1,   12,       0,             0,                30,              2.0,            23,              0.78
  5,     3,    8,       1,             0,                 8,              1.0,            79,              1.9
  3,     7,   22,       0,             0,                28,              1.0,            96,              0.72
  3,     6,   15,       0,             0,                11,              3.0,            15,              0.64
  5,     3,   19,       1,             0,                22,              1.0,            96,              0.7
  6,    10,   12,       0,             1,                21,              1.0,            74,              0.8
  6,    12,   16,       0,             1,                28,              1.0,            74,              0.85
  2,     2,   19,       0,             0,                23,              1.0,            84,              0.98
  6,     3,   20,       0,             0,                18,              1.0,            76,              0.92
  1,     7,   23,       0,             0,                19,              1.0,            52,              0.76
  1,    11,    6,       0,             0,                11,              1.0,            49,              1.1
  6,     2,   21,       0,             0,                14,              1.0,            81,              0.81
  4,     7,   22,       1,             0,                10,              1.0,            75,              1.57
  2,     3,   23,       0,             0,                17,              1.0,            48,              0.95
  5,    11,   19,       1,             0,                22,              2.0,            99,              0.97
  0,     2,    9,       0,             1,                 0,              2.0,            83,              1.28
  5,    10,   23,       1,             1,                14,              1.0,            95,              0.71
  2,     7,   12,       0,             0,                14,              1.0,            13,              0.76
  3,     2,   17,       0,             0,                29,              1.0,            99,              0.95
  5,    12,   18,       1,             1,                11,              2.0,            86,              1.43
  5,     5,   15,       1,             0,                25,              3.0,            21,              0.57
  3,     1,    6,       0,             1,                25,              1.0,            96,              0.86
  5,    10,   16,       1,             0,                30,              1.0,            83,              0.77
  3,     4,   18,       0,             0,                25,              3.0,            13,              0.54
  5,     7,   11,       1,             0,                10,              1.0,            83,              1.38
  5,     3,   22,       1,             0,                18,              2.0,            96,              0.93
  2,     9,   11,       0,             0,                 6,              1.0,            10,              0.73
  5,    10,   10,       1,             1,                22,              1.0,            72,              0.87
  0,    12,   10,       0,             0,                20,              2.0,            21,              0.76
  5,     4,   15,       1,             0,                26,              1.0,            94,              0.94
  3,     5,    7,       0,             0,                29,              1.0,            31,              0.89
  4,     2,    9,       1,             0,                19,              1.0,            74,              0.78
  1,     2,    8,       0,             0,                11,              3.0,             6,              0.62
  3,     1,   19,       0,             1,                30,              2.0,            76,              0.91
  3,     6,   20,       0,             0,                 5,              1.0,            98,              1.34
  4,    11,    7,       1,             0,                10,              3.0,            15,              0.8
  4,     9,    6,       1,             0,                23,              1.0,            73,              0.76
  0,     9,    6,       0,             0,                24,              1.0,            53,              0.73
  1,     1,   16,       0,             0,                 2,              2.0,            38,              1.01
  3,     4,    8,       0,             0,                17,              2.0,            59,              0.92
  3,     7,   22,       0,             0,                29,              1.0,            75,              0.76
  6,    12,   14,       0,             0,                 3,              1.0,            34,              0.78
  1,     4,   21,       0,             0,                14,              1.0,            93,              0.78
  2,    10,    9,       0,             0,                13,              1.0,            21,              0.71
  5,     2,   20,       1,             0,                 1,              3.0,             8,              0.68
  2,    10,   22,       0,             0,                 0,              1.0,            95,              2.03
  6,     3,   17,       0,             0,                 6,              2.0,            81,              1.32
  2,     2,    6,       0,             0,                 0,              2.0,            43,              1.09
  6,     6,   13,       0,             0,                12,              1.0,            16,              0.76
  0,     9,   14,       0,             0,                30,              3.0,            27,              0.7
  4,    11,   19,       1,             0,                13,              1.0,            80,              1.36
  0,     8,   21,       0,             1,                 8,              1.0,            73,              1.56
  4,     6,   18,       1,             0,                 0,              1.0,            90,              2.35
  4,     1,   20,       1,             0,                26,              3.0,             1,              0.77
  4,     1,   16,       1,             0,                 2,              1.0,            96,              2.36
  5,     5,   14,       1,             0,                11,              1.0,            87,              1.82
  3,    10,    7,       0,             0,                22,              3.0,            15,              0.75
  0,     6,    9,       0,             1,                 1,              2.0,            74,              1.28
  2,    12,   19,       0,             0,                 2,              1.0,            98,              2.37
  6,     9,    6,       0,             0,                27,              1.0,            32,              0.73
  2,     2,   14,       0,             0,                19,              2.0,            22,              0.78
  1,     3,   20,       0,             0,                10,              3.0,            24,              0.68
  6,     7,   20,       0,             0,                16,              1.0,            88,              0.84
  3,     5,   16,       0,             0,                15,              1.0,            46,              0.93
  5,     2,   17,       1,             0,                27,              1.0,            90,              0.92
  1,    12,    8,       0,             1,                15,              1.0,            70,              0.9
  3,     7,   12,       0,             0,                10,              1.0,            28,              0.83
  4,     6,   15,       1,             0,                20,              1.0,            86,              0.73
  1,     4,   17,       0,             0,                14,              3.0,            16,              0.56
  3,     4,    8,       0,             0,                 5,              2.0,            66,              1.16
  1,     8,    9,       0,             0,                 7,              1.0,            24,              0.66
  0,     8,   22,       0,             0,                 8,              1.0,            87,              1.27
  3,     4,   10,       0,             0,                13,              1.0,            11,              0.73
  2,     2,    7,       0,             0,                23,              3.0,             6,              0.59
  3,     3,   14,       0,             0,                15,              1.0,            13,              0.9
  5,     4,    9,       1,             0,                 1,              3.0,            18,              0.58
  0,     9,    9,       0,             0,                28,              2.0,            32,              0.82
  3,     2,   13,       0,             0,                28,              2.0,            25,              0.76
  6,     4,   17,       0,             0,                22,              1.0,            93,              0.7
  1,     9,   21,       0,             0,                27,              3.0,             7,              0.55
  5,     2,   11,       1,             0,                28,              1.0,           100,              0.7
  3,     7,   16,       0,             1,                 8,              3.0,             5,              0.7
  6,     1,   17,       0,             0,                18,              1.0,            97,              0.77
  0,     1,    6,       0,             0,                 9,              2.0,            63,              1.1
  6,     3,    9,       0,             1,                25,              2.0,            84,              0.85
  2,     9,   14,       0,             0,                 8,              1.0,            10,              0.85
  2,    12,   16,       0,             0,                24,              2.0,            68,              0.85
  2,    11,   22,       0,             0,                 0,              1.0,            83,              1.89
  5,     3,   17,       1,             0,                 7,              1.0,            92,              1.98
  2,     4,    8,       0,             0,                30,              1.0,            36,              0.99
  5,    11,   23,       1,             0,                14,              3.0,            28,              0.66
  2,    11,   17,       0,             0,                12,              1.0,           100,              2.0
  2,     4,    7,       0,             0,                22,              1.0,            69,              0.74
  6,     8,   17,       0,             0,                 0,              1.0,            91,              1.9
  5,     3,   22,       1,             0,                19,              1.0,            75,              0.79
  2,     2,   15,       0,             1,                 1,              1.0,            96,              2.22
  0,     8,   15,       0,             1,                11,              2.0,            70,              1.24
  1,     6,   15,       0,             0,                16,              2.0,            65,              0.75
  0,    12,   14,       0,             0,                23,              1.0,            28,              0.98
  2,     4,    7,       0,             0,                11,              1.0,            70,              1.05
  3,     2,   14,       0,             0,                19,              1.0,            28,              0.83
  2,    10,   10,       0,             0,                 6,              1.0,            23,              0.77
  2,     5,    8,       0,             0,                29,              2.0,            64,              0.76
  6,     7,    9,       0,             0,                14,              2.0,            26,              0.98
  5,     6,   20,       1,             0,                14,              1.0,            83,              0.84
  4,     1,   19,       1,             1,                 4,              2.0,            79,              1.83
  4,     9,   17,       1,             0,                17,              3.0,            28,              0.59
  6,     7,   10,       0,             0,                 0,              1.0,            34,              0.86
  3,     1,    8,       0,             1,                26,              3.0,             3,              0.6
  0,     5,   21,       0,             0,                27,              1.0,            93,              0.88
  4,    12,    7,       1,             0,                16,              1.0,            93,              0.99
  1,     4,   10,       0,             0,                 9,              2.0,            39,              0.6
  3,    10,   12,       0,             0,                 0,              1.0,            38,              0.64
  0,     4,   12,       0,             0,                 0,              2.0,            24,              0.72
  0,     5,   18,       0,             0,                 5,              2.0,            96,              1.88
  2,    10,   20,       0,             0,                19,              1.0,            74,              0.89
  1,     3,   13,       0,             0,                23,              2.0,            16,              0.84
  2,     5,    9,       0,             0,                15,              1.0,            18,              0.82
  5,     2,   20,       1,             0,                13,              1.0,            79,              1.57
  4,     7,    6,       1,             0,                 1,              2.0,            98,              2.26
  3,     1,   17,       0,             0,                14,              3.0,            14,              0.58
  1,     6,   22,       0,             0,                16,              1.0,            98,              0.91
  3,     9,    8,       0,             0,                 4,              1.0,            66,              1.04
  5,     3,   14,       1,             0,                21,              1.0,            82,              0.72
  6,    11,   21,       0,             0,                15,              2.0,            75,              0.87
  4,    11,   22,       1,             0,                22,              1.0,           100,              0.87
  4,    10,   18,       1,             1,                 0,              3.0,             5,              0.57
  5,     2,   21,       1,             0,                15,              1.0,            77,              0.99
  6,    12,   13,       0,             0,                28,              1.0,            38,              0.82
  3,     2,    7,       0,             0,                 3,              1.0,            34,              1.08
  2,    10,    6,       0,             0,                10,              1.0,            58,              1.05
  5,    10,   23,       1,             0,                 8,              1.0,            91,              1.43
  1,    12,   11,       0,             0,                16,              2.0,            16,              0.73
  0,    11,    9,       0,             0,                25,              1.0,            10,              0.81
  3,    10,   23,       0,             0,                10,              1.0,            63,              1.1
  6,     4,   21,       0,             0,                11,              2.0,            87,              1.88
  6,     2,   20,       0,             0,                12,              3.0,            18,              0.52
  6,     9,   15,       0,             0,                15,              1.0,            68,              0.86
  0,     4,   15,       0,             0,                 8,              1.0,            52,              0.93
  6,     3,   15,       0,             1,                18,              1.0,            86,              0.98
  4,     5,   18,       1,             0,                17,              2.0,            73,              0.87
  2,    11,    6,       0,             1,                13,              1.0,            80,              1.91
  0,     3,   12,       0,             0,                23,              1.0,            34,              0.9
  0,     4,   21,       0,             1,                30,              1.0,            89,              0.91
  6,     1,   17,       0,             0,                30,              1.0,            93,              0.88
  0,     9,   21,       0,             0,                 8,              2.0,            73,              1.23
  4,     4,   17,       1,             0,                 9,              2.0,            98,              1.98
  0,     1,    6,       0,             0,                25,              1.0,            68,              0.96
  5,    11,    6,       1,             0,                 1,              1.0,            82,              1.76
  3,    12,   19,       0,             0,                 3,              1.0,            98,              1.69
  2,     6,   12,       0,             0,                29,              1.0,            17,              0.73
  0,     4,   19,       0,             0,                28,              2.0,            87,              0.87
  6,     1,   13,       0,             0,                 2,              1.0,            24,              0.65
  0,     6,   17,       0,             0,                28,              1.0,            79,              0.74
  3,     8,    9,       0,             0,                 2,              1.0,            27,              0.66
  5,    12,   17,       1,             0,                27,              1.0,            92,              0.79
  2,     9,   15,       0,             0,                 7,              1.0,            47,              1.03
  4,     9,    9,       1,             1,                28,              1.0,           100,              0.89
  2,     2,   12,       0,             0,                26,              3.0,             7,              0.59
  4,     4,    9,       1,             0,                26,              2.0,            71,              0.99
  5,     8,   20,       1,             0,                 0,              1.0,            71,              1.42
  4,     7,   15,       1,             0,                 2,              1.0,            97,              2.23
  3,     1,   18,       0,             0,                 1,              1.0,            82,              1.35
  3,     9,    7,       0,             0,                 1,              1.0,            52,              1.27
  4,     6,   14,       1,             0,                18,              1.0,            70,              0.8
  6,    10,   19,       0,             0,                25,              2.0,            93,              0.93
  6,     2,   23,       0,             0,                23,              3.0,             9,              0.76
  4,     8,   19,       1,             0,                18,              2.0,            78,              0.75
  3,     8,   13,       0,             0,                 0,              1.0,            31,              0.89
  0,     4,   23,       0,             0,                18,              1.0,            69,              0.78
  2,    11,   14,       0,             0,                25,              2.0,            10,              0.74
  4,    11,   16,       1,             0,                27,              1.0,            84,              0.71
  0,     8,    7,       0,             0,                15,              2.0,            65,              0.77
  0,    10,    8,       0,             0,                19,              1.0,            34,              0.83
  2,     5,   14,       0,             0,                 4,              1.0,            15,              0.64
  4,    11,    7,       1,             0,                20,              1.0,            91,              0.85
  3,    10,   16,       0,             1,                22,              1.0,           100,              0.91
  2,     5,    6,       0,             0,                27,              2.0,            64,              0.92
  4,     4,   17,       1,             0,                16,              1.0,            86,              0.72
  1,     6,   17,       0,             0,                21,              1.0,            90,              0.83
  2,     3,    6,       0,             0,                25,              1.0,            56,              0.97
  2,     8,   15,       0,             0,                 5,              1.0,            48,              1.27
  4,     1,    9,       1,             0,                25,              1.0,            92,              0.93
  4,    10,   17,       1,             0,                12,              2.0,            71,              1.73
  1,     7,    8,       0,             0,                30,              3.0,             7,              0.67
  4,    11,   23,       1,             0,                17,              2.0,            97,              0.96
  6,     1,   21,       0,             0,                16,              1.0,            78,              0.76
  4,     5,   13,       1,             0,                25,              2.0,            81,              0.77
  2,    12,    9,       0,             0,                14,              2.0,            38,              0.82
  0,     6,   23,       0,             0,                29,              1.0,            60,              0.88
  3,     7,   13,       0,             0,                26,              3.0,            29,              0.66
  6,     7,   10,       0,             0,                25,              1.0,            20,              0.74
  3,     7,   22,       0,             0,                18,              1.0,            98,              0.93
  1,     8,    6,       0,             0,                13,              1.0,            65,              1.18
  3,    12,    9,       0,             0,                 1,              2.0,            10,              0.81
  0,     3,   22,       0,             0,                29,              1.0,            83,              0.81
  3,    12,   23,       0,             0,                 9,              1.0,            51,              1.14
  4,     2,    7,       1,             1,                29,              1.0,            84,              0.97
  5,     8,   19,       1,             0,                15,              2.0,            93,              0.76
  6,    10,   22,       0,             1,                28,              1.0,            88,              0.81
  5,     8,   18,       1,             0,                 5,              1.0,            88,              1.42
  6,     2,   13,       0,             0,                10,              1.0,            26,              0.87
  4,     9,   19,       1,             0,                12,              1.0,            75,              1.96
  0,    12,   12,       0,             0,                 8,              1.0,            29,              0.69
  2,     5,   11,       0,             0,                 8,              1.0,            17,              0.87
  2,     5,    9,       0,             0,                21,              1.0,            13,              0.76
  6,     9,   11,       0,             1,                28,              1.0,            98,              0.86
  6,     4,    6,       0,             0,                26,              1.0,            43,              0.78
  4,     7,   20,       1,             0,                26,              1.0,            99,              0.73
  5,     2,   20,       1,             0,                15,              1.0,            97,              0.74
  2,    12,    9,       0,             0,                25,              1.0,            35,              0.77
  0,     6,   11,       0,             0,                 8,              1.0,            33,              0.75
  6,     2,   16,       0,             0,                 1,              1.0,            63,              1.03
  6,     9,    7,       0,             0,                20,              1.0,            38,              0.88
  6,     4,   12,       0,             0,                 4,              1.0,            15,              0.82
  2,     3,   12,       0,             0,                 2,              3.0,            27,              0.72
  1,     1,   19,       0,             1,                17,              2.0,            92,              0.75
  3,    12,   14,       0,             0,                20,              1.0,            30,              0.8
  4,    11,   11,       1,             0,                26,              1.0,            79,              0.9
  3,    11,   18,       0,             0,                17,              1.0,            73,              0.77
  6,     5,   19,       0,             0,                10,              1.0,            83,              1.29
  3,     6,    9,       0,             0,                12,              2.0,            34,              0.86
  6,     8,   19,       0,             0,                 0,              1.0,            86,              1.95
  6,     7,    7,       0,             0,                10,              1.0,            50,              1.06
  6,     8,   19,       0,             0,                29,              1.0,            85,              0.92
  2,    11,    7,       0,             0,                13,              1.0,            40,              1.11
  6,    11,    9,       0,             0,                19,              2.0,            14,              0.88
  0,    12,    6,       0,             0,                 2,              2.0,            51,              1.26
  6,     9,    8,       0,             0,                16,              1.0,            64,              0.76
  1,     9,   18,       0,             0,                 7,              1.0,            75,              1.93
  2,     7,   12,       0,             0,                 7,              3.0,             1,              0.75
  6,     9,    9,       0,             0,                25,              1.0,            15,              0.78
  0,     4,   13,       0,             1,                23,              1.0,            95,              0.81
  3,     3,   14,       0,             0,                 2,              1.0,            33,              0.81
  5,     7,    6,       1,             1,                26,              1.0,            99,              0.75
  5,    10,   18,       1,             0,                19,              3.0,            25,              0.6
  4,    12,    6,       1,             0,                14,              1.0,            78,              0.99
  4,     8,   18,       1,             0,                 2,              1.0,            83,              1.65
  3,     5,   23,       0,             0,                12,              1.0,            61,              1.19
  2,     9,    9,       0,             0,                18,              3.0,            12,              0.73
  3,     6,   21,       0,             0,                20,              1.0,            74,              0.94
  0,     2,   23,       0,             0,                27,              3.0,            18,              0.57
  1,     7,   21,       0,             0,                26,              1.0,            77,              0.72
  3,     5,   19,       0,             0,                10,              2.0,            71,              1.46
  4,    10,   19,       1,             0,                 8,              2.0,            94,              1.65
  3,     9,   21,       0,             0,                20,              1.0,            84,              0.91
  4,     9,    8,       1,             0,                13,              2.0,            82,              1.3
  0,     3,   22,       0,             0,                 5,              1.0,            97,              1.98
  0,     7,   21,       0,             0,                25,              1.0,            74,              0.92
  4,     7,   18,       1,             1,                 3,              1.0,            79,              1.78
  5,     5,   22,       1,             0,                28,              1.0,            90,              0.75
  2,     9,   12,       0,             0,                30,              2.0,            26,              0.88
  3,     8,   12,       0,             0,                29,              2.0,            37,              0.98
  1,     9,   21,       0,             1,                13,              1.0,            85,              1.25
  0,     5,   12,       0,             0,                 3,              1.0,            20,              0.63
  4,     8,   11,       1,             1,                20,              1.0,            77,              0.8
  0,     4,   14,       0,             0,                29,              3.0,            18,              0.72
  2,    10,   18,       0,             0,                17,              1.0,            91,              0.76
  4,     3,    9,       1,             0,                 8,              1.0,            88,              1.28
  6,     9,   18,       0,             0,                24,              3.0,            19,              0.58
  6,    12,   21,       0,             0,                 0,              2.0,            76,              1.27
  6,    10,   10,       0,             0,                15,              3.0,            10,              0.52
  0,     3,   22,       0,             0,                13,              2.0,            80,              1.44
  6,     2,   13,       0,             0,                12,              2.0,            32,              0.74
  2,     9,   16,       0,             0,                28,              2.0,            43,              0.99
  5,     5,   10,       1,             0,                17,              1.0,            92,              0.94
  5,     2,   23,       1,             0,                20,              1.0,            70,              0.96
  6,     8,   17,       0,             0,                 6,              2.0,            98,              2.0
  1,     7,   17,       0,             0,                23,              3.0,             6,              0.63
  4,     4,    6,       1,             0,                10,              1.0,            81,              1.93
  4,     1,   14,       1,             1,                 8,              2.0,            82,              1.24
  5,    12,   14,       1,             0,                 1,              3.0,            26,              0.51
  5,     8,   20,       1,             0,                15,              2.0,            90,              0.93
  6,     2,    7,       0,             0,                19,              3.0,             4,              0.71
  1,     3,    8,       0,             0,                27,              1.0,            58,              0.89
  0,     6,    9,       0,             0,                 8,              3.0,             6,              0.7
  5,     1,   16,       1,             0,                27,              3.0,            28,              0.71
  4,    12,   17,       1,             0,                30,              2.0,            83,              0.95
  5,     1,    8,       1,             0,                24,              1.0,            93,              0.78
  1,     8,    7,       0,             0,                 6,              2.0,            56,              0.97
  5,     1,   15,       1,             0,                11,              1.0,            84,              1.65
  5,     2,   20,       1,             1,                29,              1.0,            93,              0.73
  2,    10,    6,       0,             0,                25,              1.0,            70,              0.81
  0,    12,   13,       0,             0,                21,              2.0,            38,              0.96
  5,    12,   10,       1,             0,                12,              2.0,            75,              1.42
  4,     6,   19,       1,             0,                 6,              1.0,            76,              1.34
  2,     5,   20,       0,             0,                15,              1.0,            81,              0.8
  5,     9,   20,       1,             0,                21,              2.0,            71,              0.98
  4,     7,   10,       1,             0,                 6,              3.0,            13,              0.6
  6,    11,   15,       0,             0,                22,              3.0,            17,              0.75
  6,     5,    8,       0,             0,                 6,              1.0,            59,              1.0
  0,     9,   11,       0,             0,                14,              1.0,            21,              0.87
  5,    10,    7,       1,             0,                 3,              2.0,            97,              1.92
  1,     7,   21,       0,             0,                20,              3.0,             5,              0.77
  2,     3,   20,       0,             0,                24,              1.0,            95,              0.88
  4,    10,   19,       1,             0,                15,              2.0,            78,              0.92
  4,     6,   21,       1,             0,                 9,              1.0,            99,              1.9
  6,     9,    9,       0,             0,                24,              1.0,            28,              0.82
  0,     3,   22,       0,             0,                 9,              3.0,            30,              0.71
  4,     4,   10,       1,             0,                10,              2.0,            71,              1.98
  2,     3,   17,       0,             0,                 5,              1.0,            91,              1.32
  1,     5,   15,       0,             1,                 7,              3.0,            13,              0.53
  1,     3,   23,       0,             0,                11,              1.0,            40,              1.04
  3,     9,   18,       0,             0,                29,              1.0,            82,              0.95
  5,     4,    9,       1,             0,                10,              2.0,            74,              1.52
  2,     5,   19,       0,             0,                17,              1.0,            85,              0.9
  4,     1,   13,       1,             0,                 5,              2.0,            81,              1.49
  4,     1,   18,       1,             0,                20,              1.0,            85,              0.76
  1,     5,   19,       0,             1,                12,              2.0,            83,              1.32
  2,     7,   21,       0,             1,                30,              3.0,             5,              0.55
  5,     9,    9,       1,             0,                 2,              1.0,            93,              1.87
  6,     7,    6,       0,             0,                 4,              1.0,            54,              1.17
  0,     8,   18,       0,             0,                 1,              1.0,            78,              1.79
  0,    10,   20,       0,             0,                24,              1.0,            80,              0.95
  2,     2,   11,       0,             0,                17,              2.0,            37,              0.9
  1,     1,   16,       0,             0,                22,              1.0,            42,              0.85
  4,    12,   20,       1,             0,                14,              1.0,            73,              0.96
  3,     6,    7,       0,             0,                21,              1.0,            57,              0.8
  2,     1,   23,       0,             0,                 9,              1.0,            31,              1.08
  2,    11,    7,       0,             0,                11,              2.0,            64,              1.2
  1,     3,    8,       0,             0,                 4,              2.0,            70,              1.1
  2,     6,   20,       0,             0,                 7,              3.0,            28,              0.75
  5,     9,   20,       1,             1,                10,              1.0,            74,              1.69
  5,    11,    9,       1,             0,                23,              1.0,            99,              0.89
  2,     7,   18,       0,             1,                30,              2.0,            93,              0.9
  0,     7,    9,       0,             0,                18,              1.0,            19,              0.88
  4,     4,    7,       1,             0,                15,              1.0,            99,              0.83
  5,    12,   11,       1,             0,                21,              1.0,            82,              0.97
  5,     5,   14,       1,             1,                 6,              1.0,            83,              1.73
  2,     5,   20,       0,             0,                20,              1.0,            77,              0.77
  5,     6,   13,       1,             1,                 9,              2.0,            89,              1.86
  4,     7,   16,       1,             0,                15,              3.0,             0,              0.6
  2,     6,   20,       0,             0,                27,              2.0,            76,              0.86
  1,    11,   18,       0,             0,                 1,              2.0,            88,              2.48
  5,     8,   23,       1,             0,                 2,              1.0,            86,              2.06
  2,     6,   20,       0,             0,                 0,              1.0,            88,              1.92
  2,    10,   19,       0,             0,                24,              1.0,            79,              0.87
  3,     4,   18,       0,             0,                 4,              1.0,           100,              1.88
  0,     7,   12,       0,             0,                 3,              1.0,            15,              0.86
  6,    12,   18,       0,             0,                11,              2.0,            83,              1.92
  2,     6,   17,       0,             0,                21,              3.0,            30,              0.69
  5,     6,   22,       1,             0,                12,              1.0,            82,              1.6
  3,     5,   20,       0,             0,                27,              1.0,            79,              0.7
  6,     6,   20,       0,             0,                21,              3.0,            12,              0.67
  3,     7,   19,       0,             0,                 0,              2.0,            74,              1.69
  4,     2,   19,       1,             0,                10,              2.0,            75,              1.66
  3,    11,    8,       0,             0,                 0,              2.0,            54,              1.12
  6,     4,   11,       0,             0,                23,              3.0,             5,              0.64
  5,     4,   16,       1,             0,                 2,              3.0,             6,              0.67
  3,     4,   20,       0,             0,                25,              1.0,            84,              0.85
  0,    10,   16,       0,             0,                29,              1.0,            59,              0.92
  0,     1,    7,       0,             0,                13,              3.0,            15,              0.76
  0,     7,   14,       0,             0,                17,              1.0,            34,              0.88
  4,    12,    6,       1,             0,                26,              2.0,            79,              0.94
  6,    12,    7,       0,             0,                22,              3.0,            20,              0.69
  3,     2,    9,       0,             0,                 8,              2.0,            28,              0.83
  0,    12,   11,       0,             0,                21,              1.0,            39,              0.77
  3,     4,   14,       0,             1,                20,              2.0,            84,              0.97
  3,     4,   14,       0,             0,                22,              1.0,            35,              0.84
  2,    10,   14,       0,             0,                24,              1.0,            26,              0.79
  1,     6,   17,       0,             0,                 9,              3.0,             5,              0.67
  2,     8,   20,       0,             0,                 4,              2.0,            92,              1.3
  4,     5,   18,       1,             0,                 7,              1.0,            76,              1.67
  1,    10,    6,       0,             0,                23,              1.0,            63,              0.82
  4,     3,   17,       1,             0,                18,              3.0,            10,              0.66
  3,     8,   11,       0,             0,                15,              1.0,            38,              0.81
  5,     2,   16,       1,             0,                 6,              1.0,            78,              1.69
  5,     2,   12,       1,             0,                14,              1.0,            90,              0.97
  6,    12,   22,       0,             0,                23,              1.0,            91,              0.71
  5,     2,   16,       1,             0,                 8,              1.0,            87,              1.88
  4,     2,    7,       1,             0,                16,              1.0,            78,              0.94
  1,    12,   13,       0,             0,                22,              1.0,            11,              0.99
  2,     9,   14,       0,             1,                 6,              2.0,            99,              1.25
  1,     9,   15,       0,             1,                 7,              1.0,            94,              1.67
  3,     2,   23,       0,             0,                 1,              1.0,            70,              0.93
  3,     2,   20,       0,             1,                 6,              1.0,            88,              1.37
  3,     5,    6,       0,             0,                27,              3.0,            23,              0.77
  6,    11,   12,       0,             0,                20,              2.0,            24,              1.0
  2,     7,   14,       0,             0,                 5,              1.0,            25,              0.75
  5,     5,   14,       1,             0,                 7,              1.0,            91,              1.65
  2,    11,   20,       0,             0,                24,              3.0,            15,              0.5
  4,     8,   21,       1,             0,                 2,              2.0,            91,              2.01
  6,     8,   16,       0,             0,                17,              2.0,            42,              0.93
  6,     4,   12,       0,             0,                 9,              1.0,            26,              0.74
  5,     5,   12,       1,             0,                 4,              1.0,            76,              1.81
  6,     3,   11,       0,             0,                 5,              1.0,            26,              0.89
  5,    10,   19,       1,             0,                 8,              1.0,            78,              1.58
  6,     5,   17,       0,             0,                10,              2.0,            96,              1.8
  3,     5,   19,       0,             0,                24,              1.0,            94,              0.98
  0,     7,   17,       0,             0,                 4,              3.0,            24,              0.58
  6,    12,   12,       0,             0,                22,              1.0,            36,              0.81
  2,     7,   18,       0,             0,                17,              2.0,            95,              0.76
  4,     8,   14,       1,             0,                 7,              1.0,            93,              1.58
  5,    10,   21,       1,             0,                30,              1.0,            91,              0.82
  5,     8,   13,       1,             0,                19,              1.0,            71,              0.73
  5,     6,   14,       1,             0,                14,              3.0,             3,              0.64
  5,     2,   16,       1,             0,                23,              1.0,            74,              0.96
  4,     5,   12,       1,             0,                14,              1.0,            88,              0.86
  5,     5,   23,       1,             0,                 9,              2.0,            74,              1.82
  0,    12,   16,       0,             0,                11,              3.0,            14,              0.72
  1,     3,   16,       0,             0,                14,              1.0,            42,              0.9
  5,     5,   14,       1,             0,                29,              1.0,            73,              0.89
  3,     7,   21,       0,             0,                26,              1.0,            99,              1.0
  2,     1,   19,       0,             0,                30,              1.0,            95,              0.8
  4,     8,   15,       1,             0,                20,              1.0,            72,              0.87
  4,     2,   23,       1,             0,                16,              2.0,            72,              0.87
  3,    10,   12,       0,             0,                24,              2.0,            36,              0.78
  3,    12,   10,       0,             0,                 2,              1.0,            28,              0.7
  4,    12,   19,       1,             0,                12,              1.0,            70,              1.7
  3,     1,    6,       0,             0,                13,              1.0,            44,              1.13
  6,     6,   23,       0,             0,                21,              1.0,            66,              0.98
  5,    10,   10,       1,             0,                 4,              1.0,            75,              1.28
  4,    10,    7,       1,             0,                17,              1.0,            72,              0.8
  2,     4,   12,       0,             0,                 5,              1.0,            18,              0.67
  1,     6,    6,       0,             0,                28,              3.0,             3,              0.75
  3,     1,   20,       0,             0,                27,              2.0,            82,              0.71
  3,     7,   12,       0,             0,                12,              1.0,            13,              0.63
  1,     9,   22,       0,             0,                24,              1.0,           100,              0.85
  4,     6,   16,       1,             0,                 6,              3.0,            25,              0.65
  3,     5,   22,       0,             0,                14,              1.0,            82,              0.94
  3,     2,   17,       0,             0,                 9,              2.0,            83,              1.96
  5,     5,   13,       1,             0,                 2,              2.0,            95,              2.07
  3,     1,   14,       0,             0,                28,              1.0,            14,              0.95
  1,    10,    6,       0,             0,                 4,              1.0,            60,              1.2
  0,    10,   12,       0,             0,                21,              1.0,            29,              0.82
  1,     7,   11,       0,             0,                16,              3.0,            23,              0.74
  5,     3,   17,       1,             0,                 3,              2.0,            70,              1.6
  2,     7,   17,       0,             0,                 8,              2.0,            70,              1.83
  2,     1,   21,       0,             1,                27,              1.0,            83,              0.71
  3,    10,   22,       0,             0,                 3,              1.0,            98,              1.38
  3,     2,    9,       0,             0,                14,              3.0,            27,              0.77
  3,     3,    6,       0,             0,                15,              3.0,             8,              0.54
  5,     9,   17,       1,             0,                21,              2.0,            85,              0.85
  6,    10,   12,       0,             0,                16,              1.0,            40,              0.74
  5,     2,    9,       1,             0,                 9,              3.0,             3,              0.57
  2,     3,   15,       0,             0,                14,              2.0,            63,              0.86
  2,     3,   16,       0,             0,                21,              1.0,            32,              0.92
  6,     7,    7,       0,             0,                 5,              1.0,            70,              0.91
  6,     4,   11,       0,             0,                 0,              1.0,            25,              0.86
  1,    11,   18,       0,             0,                 6,              1.0,            78,              1.64
  0,    12,   14,       0,             0,                16,              3.0,            10,              0.8
  1,     5,   16,       0,             0,                15,              2.0,            59,              0.9
  5,     6,   22,       1,             0,                25,              1.0,            90,              0.71
  4,     3,    9,       1,             0,                14,              2.0,            73,              0.87
  2,     3,   17,       0,             0,                13,              1.0,           100,              1.27
  6,     9,   11,       0,             0,                30,              3.0,            16,              0.56
  6,    11,   13,       0,             0,                 6,              2.0,            21,              0.76
  6,     3,   22,       0,             0,                25,              1.0,            87,              0.77
  4,     3,   17,       1,             0,                21,              1.0,            90,              0.96
  1,    12,   10,       0,             0,                30,              2.0,            37,              0.76
  0,     7,   15,       0,             0,                16,              3.0,            28,              0.64
  2,     3,   15,       0,             1,                 8,              2.0,            91,              1.45
  5,    10,    8,       1,             1,                13,              1.0,            85,              1.86
  6,     4,   18,       0,             0,                20,              1.0,            88,              0.76
  6,     6,    8,       0,             0,                30,              1.0,            55,              0.74
  5,    10,   10,       1,             0,                 4,              2.0,            94,              1.46
  5,     2,   22,       1,             0,                 3,              2.0,            89,              1.58
  5,     8,   15,       1,             0,                17,              2.0,            84,              0.75
  6,    12,   16,       0,             0,                30,              3.0,            12,              0.75
  2,     2,   20,       0,             0,                 5,              3.0,            22,              0.76
  3,     5,   13,       0,             0,                 2,              3.0,            19,              0.79
  6,     6,   13,       0,             0,                21,              1.0,            32,              0.99
  3,     1,    9,       0,             0,                 8,              2.0,            33,              0.68
  2,    11,   22,       0,             0,                21,              2.0,            81,              0.72
  0,    12,   21,       0,             0,                15,              1.0,            83,              0.9
  0,    12,   21,       0,             0,                26,              1.0,            89,              0.86
  5,     7,    7,       1,             0,                18,              2.0,            90,              0.99
  4,     2,    9,       1,             0,                 7,              1.0,            91,              1.77
  4,     7,   18,       1,             0,                 1,              1.0,            95,              2.11
  3,    10,   22,       0,             1,                12,              2.0,            90,              1.8
  3,    11,    6,       0,             0,                 5,              1.0,            51,              0.94
  3,     1,   20,       0,             0,                 8,              1.0,            91,              1.48
  1,     5,   20,       0,             0,                10,              1.0,            90,              1.41
  6,     3,   12,       0,             0,                27,              1.0,            20,              0.92
  6,     6,   11,       0,             0,                27,              1.0,            21,              0.88
  5,     4,   16,       1,             0,                 3,              3.0,             2,              0.69
  2,    10,   21,       0,             0,                24,              1.0,            78,              0.96
  3,     6,   16,       0,             0,                28,              1.0,            40,              0.99
  2,     1,    9,       0,             0,                 9,              3.0,            22,              0.69
  2,     9,   23,       0,             0,                19,              2.0,            42,              0.73
  5,    10,   18,       1,             0,                 4,              2.0,            87,              1.48
  1,     7,    9,       0,             0,                23,              2.0,            38,              0.94
  4,    10,    8,       1,             0,                 7,              1.0,            71,              1.4
  1,    11,   14,       0,             1,                 7,              2.0,            77,              1.4
  1,     8,   12,       0,             0,                 9,              1.0,            10,              0.86
  3,     8,   19,       0,             0,                18,              1.0,            75,              0.95
  4,     7,   18,       1,             0,                22,              2.0,            81,              0.94
  2,     7,   17,       0,             0,                29,              3.0,            10,              0.66
  0,    12,   10,       0,             0,                26,              3.0,             7,              0.74
  4,     3,    9,       1,             0,                25,              3.0,            22,              0.64
  2,     2,   13,       0,             0,                22,              2.0,            27,              0.95
  1,     8,   14,       0,             0,                 1,              1.0,            24,              0.75
  3,     2,   11,       0,             1,                14,              1.0,            71,              0.97
  3,    12,   10,       0,             1,                11,              1.0,            93,              1.42
  2,    12,    6,       0,             0,                15,              1.0,            38,              1.0
  1,    11,   20,       0,             0,                22,              2.0,            80,              0.77
  6,     9,   19,       0,             0,                17,              3.0,            18,              0.59
  0,    10,    7,       0,             0,                11,              1.0,            34,              1.15
  4,     7,   11,       1,             0,                 7,              3.0,            24,              0.73
  1,     3,    6,       0,             0,                15,              2.0,            51,              0.73
  3,    10,   18,       0,             0,                12,              2.0,            74,              1.88
  1,     2,   15,       0,             0,                22,              1.0,            46,              0.85
  1,     5,   18,       0,             0,                11,              3.0,            20,              0.52
  3,     2,   22,       0,             0,                28,              2.0,            87,              0.72
  2,     2,   11,       0,             1,                16,              1.0,            80,              0.82
  0,    10,   17,       0,             0,                30,              1.0,            90,              0.89
  1,     9,   12,       0,             0,                 3,              3.0,            29,              0.55
  2,    10,   11,       0,             0,                22,              2.0,            34,              0.75
  1,     8,    6,       0,             0,                29,              1.0,            37,              0.94
  2,     5,    9,       0,             0,                 5,              1.0,            15,              0.87
  3,     4,   10,       0,             0,                29,              1.0,            24,              0.98
  4,     7,   20,       1,             0,                21,              1.0,            80,              0.77
  1,     4,   21,       0,             0,                12,              1.0,            71,              1.93
  3,    11,    9,       0,             0,                 2,              2.0,            20,              0.87
  4,    10,   23,       1,             0,                24,              1.0,            76,              0.78
  1,     8,   12,       0,             0,                20,              1.0,            23,              0.81
  3,     1,   21,       0,             0,                17,              1.0,            82,              0.79
  6,     5,    7,       0,             0,                 1,              1.0,            35,              1.02
  4,    12,   23,       1,             0,                10,              2.0,            87,              1.22
  2,     7,   12,       0,             0,                17,              1.0,            36,              0.91
  3,    12,   22,       0,             0,                 5,              1.0,            91,              1.76
  1,     2,   20,       0,             0,                28,              1.0,            80,              0.72
  1,     8,   12,       0,             0,                19,              1.0,            39,              0.81
  5,     2,   15,       1,             1,                 7,              2.0,            99,              1.87
  1,     7,   13,       0,             0,                26,              1.0,            14,              0.74
  1,    10,   14,       0,             0,                13,              2.0,            32,              0.86
  5,     5,   12,       1,             0,                20,              2.0,            78,              0.82
  0,     7,   19,       0,             0,                26,              3.0,            26,              0.73
  2,    10,    6,       0,             0,                12,              1.0,            58,              0.95
  5,     4,    8,       1,             0,                 3,              1.0,            95,              1.59
  1,     9,   16,       0,             0,                23,              1.0,            55,              0.79
  2,     5,   14,       0,             0,                 3,              1.0,            38,              0.87
  0,     9,   21,       0,             0,                16,              3.0,            15,              0.64
  0,     4,    7,       0,             0,                 5,              1.0,            34,              1.0
  4,     6,   20,       1,             0,                14,              1.0,            71,              0.9
  4,     4,   12,       1,             0,                 1,              1.0,           100,              1.91
  6,     5,   11,       0,             0,                 6,              3.0,             1,              0.62
  1,     5,   22,       0,             1,                 5,              2.0,            80,              1.73
  3,     1,   20,       0,             1,                 7,              2.0,            79,              1.65
  1,     9,   16,       0,             1,                21,              1.0,            86,              0.86
  4,    12,   11,       1,             0,                10,              1.0,            74,              1.92
  5,     4,    6,       1,             0,                18,              1.0,            82,              0.93
  0,     4,    7,       0,             0,                 2,              1.0,            60,              1.27
  5,     7,   15,       1,             0,                12,              1.0,            93,              1.39
  3,    10,   14,       0,             0,                20,              1.0,            39,              0.97
  3,     9,   17,       0,             0,                 9,              2.0,            75,              1.97
  3,     5,   11,       0,             0,                 0,              1.0,            19,              0.64
  3,     7,   23,       0,             0,                12,              1.0,            70,              1.04
  3,     7,   19,       0,             0,                14,              1.0,            82,              0.84
  2,     6,   18,       0,             0,                16,              1.0,            76,              0.91
  4,     4,   17,       1,             0,                17,              3.0,            25,              0.62
  5,     5,   12,       1,             0,                15,              1.0,            90,              0.84
  6,    10,   19,       0,             1,                 6,              1.0,            98,              1.33
  3,     9,   19,       0,             0,                14,              1.0,            76,              0.82
  5,     3,   14,       1,             0,                21,              1.0,            74,              0.89
  4,     4,   10,       1,             0,                14,              1.0,            93,              0.74
  3,     6,   22,       0,             0,                28,              1.0,            73,              0.94
  0,     1,    6,       0,             0,                27,              1.0,            35,              0.79
  2,     4,   10,       0,             0,                 9,              2.0,            21,              0.79
  2,    10,   20,       0,             0,                22,              1.0,            79,              0.73
  4,     3,   10,       1,             0,                 3,              1.0,            89,              1.53
  4,     9,   21,       1,             0,                 8,              2.0,            98,              1.4
  0,    11,   10,       0,             0,                 3,              2.0,            14,              0.86
  3,     7,   21,       0,             0,                 0,              1.0,            96,              2.05
  3,    10,   11,       0,             0,                 0,              3.0,            30,              0.7
  2,     6,    8,       0,             0,                 2,              1.0,            69,              1.02
  3,     3,    9,       0,             0,                25,              3.0,             6,              0.79
  2,     5,    8,       0,             0,                25,              1.0,            69,              0.97
  3,     3,   17,       0,             0,                 6,              1.0,            86,              1.92
  0,     8,   16,       0,             0,                 1,              2.0,            49,              1.01
  3,     6,    7,       0,             0,                24,              2.0,            35,              0.8
  0,     3,    6,       0,             0,                 0,              1.0,            42,              1.26
  3,     7,    7,       0,             0,                 8,              2.0,            51,              1.05
  4,     7,   19,       1,             0,                 4,              3.0,            23,              0.58
  1,     8,   15,       0,             0,                29,              1.0,            35,              0.94
  2,     9,    9,       0,             1,                 4,              2.0,            73,              1.39
  1,     6,    8,       0,             0,                25,              1.0,            35,              0.96
  0,    12,    6,       0,             0,                10,              3.0,            19,              0.52
  4,    11,   20,       1,             0,                10,              2.0,            73,              1.69
  0,    12,   10,       0,             0,                23,              3.0,             5,              0.53
  0,     1,   19,       0,             0,                 7,              1.0,            92,              1.26
  2,    11,   22,       0,             0,                26,              1.0,            85,              0.88
  1,     8,   15,       0,             0,                18,              3.0,             1,              0.63
  4,     1,    8,       1,             0,                 6,              1.0,            98,              1.63
  1,    12,    9,       0,             0,                 2,              1.0,            37,              0.7
  1,     3,   18,       0,             0,                18,              1.0,            83,              0.85
  2,     4,   19,       0,             0,                11,              2.0,            86,              1.21
  5,     5,   15,       1,             0,                 2,              1.0,            85,              1.48
  5,     1,   19,       1,             1,                24,              3.0,            14,              0.5
  5,    11,    8,       1,             0,                24,              3.0,            11,              0.71
  4,    11,    8,       1,             0,                23,              2.0,            84,              0.81
  6,     8,   17,       0,             0,                24,              1.0,            87,              1.0
  1,     4,   11,       0,             1,                11,              1.0,            98,              1.57
  6,     7,   20,       0,             0,                14,              1.0,            74,              0.92
  3,     7,    6,       0,             0,                25,              1.0,            70,              0.74
  2,     1,   19,       0,             0,                21,              3.0,             4,              0.68
  1,     4,    9,       0,             1,                15,              1.0,            80,              0.76
  3,     7,   11,       0,             0,                30,              3.0,             8,              0.57
  3,    10,   21,       0,             0,                30,              3.0,            15,              0.79
  0,     6,    9,       0,             1,                10,              2.0,            89,              1.43
  1,     9,   21,       0,             0,                13,              1.0,           100,              1.45
  1,     6,   15,       0,             0,                13,              2.0,            68,              0.95
  2,     6,   17,       0,             0,                27,              1.0,            88,              0.99
  0,     1,   20,       0,             0,                 7,              1.0,            80,              1.75
  6,     6,   21,       0,             0,                17,              1.0,            95,              0.8
  1,     3,   16,       0,             0,                18,              3.0,             7,              0.71
  4,     4,   13,       1,             0,                15,              3.0,            10,              0.65
  0,     7,   10,       0,             0,                 2,              1.0,            24,              0.78
  5,     5,    8,       1,             0,                24,              1.0,            94,              0.78
  1,     6,    7,       0,             0,                 7,              2.0,            50,              1.04
  4,     8,   23,       1,             0,                 8,              3.0,            15,              0.8
  4,     9,   12,       1,             0,                20,              1.0,            99,              0.88
  0,     5,    7,       0,             0,                 6,              1.0,            62,              1.01
  6,     7,   19,       0,             0,                27,              1.0,            78,              0.76
  2,     1,    6,       0,             0,                24,              1.0,            53,              0.84
  1,     8,   18,       0,             0,                19,              1.0,            80,              0.73
  2,     8,   14,       0,             0,                19,              1.0,            15,              0.88
  2,     1,    9,       0,             1,                10,              1.0,            81,              1.31
  6,    12,   18,       0,             0,                20,              1.0,            80,              0.82
  2,    10,    7,       0,             0,                10,              1.0,            66,              0.92
  4,     1,   10,       1,             0,                29,              1.0,            74,              0.73
  1,    12,   13,       0,             1,                11,              3.0,            10,              0.52
  2,     2,   21,       0,             0,                 1,              1.0,            90,              2.35
  5,     3,   23,       1,             0,                26,              1.0,            75,              0.73
  6,     5,   13,       0,             0,                20,              2.0,            10,              0.72
  6,    12,   13,       0,             0,                 1,              1.0,            17,              0.88
  6,     3,   22,       0,             0,                12,              2.0,            91,              1.52
  4,     5,   21,       1,             1,                22,              2.0,            87,              0.72
  1,    10,    7,       0,             0,                18,              1.0,            52,              0.91
  4,     6,   22,       1,             0,                 5,              1.0,            74,              1.63
  5,    12,   15,       1,             0,                11,              1.0,            75,              1.87
  6,    10,   14,       0,             0,                10,              3.0,            12,              0.54
  2,     8,    6,       0,             0,                30,              2.0,            62,              0.93
  1,     3,    9,       0,             1,                25,              1.0,            99,              0.96
  1,    10,   15,       0,             0,                21,              1.0,            67,              0.95
  2,     8,    7,       0,             0,                 7,              1.0,            46,              0.99
  0,     5,    6,       0,             0,                 5,              3.0,             6,              0.65
  5,     7,   16,       1,             0,                12,              2.0,            75,              1.94
  3,     9,   15,       0,             0,                21,              3.0,             7,              0.52
  0,     1,    6,       0,             0,                27,              1.0,            47,              0.98
  2,     8,   18,       0,             0,                30,              1.0,            71,              0.81
  5,     4,   19,       1,             0,                11,              1.0,            83,              1.72
  2,     1,    9,       0,             0,                 8,              1.0,            39,              0.87
  6,     4,    9,       0,             0,                23,              3.0,            25,              0.51
  3,     3,    6,       0,             0,                23,              1.0,            67,              0.91
  2,     5,    6,       0,             0,                15,              1.0,            39,              0.76
  3,    11,   18,       0,             1,                15,              1.0,            84,              0.82
  0,    10,    7,       0,             0,                30,              2.0,            47,              0.91
  5,     8,   12,       1,             0,                 0,              2.0,           100,              2.41
  1,    12,   20,       0,             0,                20,              1.0,            88,              0.95
  3,     9,   21,       0,             0,                22,              2.0,            71,              0.79
  0,    10,   17,       0,             0,                15,              1.0,            81,              0.9
  2,    12,   23,       0,             0,                10,              2.0,            52,              1.06
  4,     7,   17,       1,             0,                11,              2.0,            74,              1.85
  6,     8,   23,       0,             0,                30,              1.0,            68,              0.78
  1,     6,   17,       0,             0,                14,              2.0,            97,              0.9
  0,     6,   22,       0,             0,                20,              1.0,            80,              0.86
  6,    12,   11,       0,             0,                18,              1.0,            36,              0.94
  6,    12,   18,       0,             1,                13,              3.0,            16,              0.66
  4,     2,    6,       1,             0,                17,              2.0,            75,              0.92
  5,    12,   16,       1,             0,                10,              2.0,            95,              1.5
  3,     9,   18,       0,             0,                11,              2.0,            92,              1.8
  0,     4,   20,       0,             0,                22,              3.0,             6,              0.71
  6,     9,    9,       0,             0,                29,              1.0,            40,              0.79
  6,     7,   15,       0,             0,                17,              2.0,            42,              0.71
  0,     5,    9,       0,             0,                26,              2.0,            12,              0.72
  3,     2,   19,       0,             0,                21,              1.0,            92,              0.88
  2,     7,   17,       0,             0,                13,              2.0,            99,              1.58
  4,    10,    7,       1,             0,                 1,              1.0,            81,              1.22
  5,     8,   18,       1,             0,                24,              1.0,            92,              0.88
  2,    11,   21,       0,             0,                12,              1.0,            85,              1.81
  0,     8,   14,       0,             0,                 2,              1.0,            36,              0.81
  0,     8,   18,       0,             0,                 7,              2.0,            85,              1.23
  2,     9,   20,       0,             0,                13,              1.0,            91,              1.3
  6,    11,    6,       0,             0,                14,              1.0,            41,              0.84
  5,    10,   18,       1,             0,                17,              2.0,            71,              0.78
  0,    12,   22,       0,             0,                28,              1.0,            97,              0.75
  2,    10,   16,       0,             0,                21,              1.0,            34,              0.76
  3,     4,    6,       0,             0,                23,              2.0,            41,              0.93
  0,     5,   11,       0,             0,                27,              2.0,            37,              0.85
  5,     8,    9,       1,             0,                 4,              1.0,           100,              1.68
  0,     8,   21,       0,             0,                22,              1.0,            92,              0.86
  5,     6,   23,       1,             0,                15,              1.0,            83,              0.87
  3,     2,    8,       0,             1,                28,              3.0,            11,              0.64
  4,     4,   10,       1,             0,                 5,              1.0,            75,              1.73
  3,    11,   23,       0,             0,                 8,              1.0,            41,              1.13
  0,     9,    7,       0,             0,                 4,              1.0,            55,              0.9
  0,     9,    6,       0,             0,                21,              1.0,            63,              0.7
  6,     3,   16,       0,             0,                27,              1.0,            43,              0.76
  3,     8,   21,       0,             0,                 5,              1.0,            90,              1.7
  6,     2,   10,       0,             0,                27,              1.0,            37,              0.93
  3,     9,    8,       0,             0,                 7,              2.0,            56,              1.24
  2,     4,   14,       0,             0,                24,              1.0,            37,              0.8
  3,     1,   12,       0,             0,                29,              1.0,            24,              0.88
  6,     4,   10,       0,             0,                30,              2.0,            38,              0.82
  6,    11,   11,       0,             0,                16,              1.0,            34,              0.72
  4,     1,   19,       1,             1,                 2,              2.0,            94,              1.9
  5,     1,   17,       1,             0,                 8,              1.0,            95,              1.99
  2,     5,   23,       0,             0,                29,              1.0,            60,              0.85
  3,    12,   23,       0,             0,                19,              1.0,            66,              0.74
  2,     2,   21,       0,             0,                17,              1.0,            90,              0.72
  5,     5,   14,       1,             0,                19,              1.0,            80,              0.98
  2,     4,   12,       0,             0,                 9,              1.0,            20,              0.76
  3,     5,   14,       0,             0,                21,              2.0,            34,              0.88
  6,     3,   15,       0,             0,                21,              1.0,            64,              0.87
  1,     8,   22,       0,             0,                23,              2.0,            79,              0.89
  1,    10,   16,       0,             0,                20,              2.0,            53,              0.77
  3,    12,   14,       0,             0,                14,              1.0,            14,              0.78
  0,     5,    9,       0,             0,                26,              1.0,            22,              0.7
  1,     5,   21,       0,             0,                17,              1.0,            78,              0.85
  3,     4,   14,       0,             1,                13,              2.0,            85,              1.68
  3,     7,   18,       0,             0,                 4,              1.0,            81,              1.81
  0,     1,    8,       0,             0,                17,              1.0,            38,              0.94
  5,    11,   19,       1,             0,                28,              2.0,            71,              0.7
  2,    10,   14,       0,             0,                 7,              1.0,            29,              0.78
  6,     5,   23,       0,             0,                 7,              1.0,            65,              1.13
  6,     4,   11,       0,             0,                26,              1.0,            27,              0.88
  1,     2,   14,       0,             0,                 3,              1.0,            37,              0.72
  1,     8,   11,       0,             0,                29,              1.0,            13,              0.7
  5,     5,   19,       1,             0,                19,              2.0,            84,              0.76
  0,     2,   19,       0,             0,                14,              1.0,            98,              0.82
  4,     7,    6,       1,             0,                 8,              1.0,            91,              1.59
  6,     9,   16,       0,             0,                15,              1.0,            54,              0.95
  4,     4,   17,       1,             0,                 2,              2.0,            92,              2.28
  1,     7,   12,       0,             0,                11,              1.0,            17,              0.81
  1,     7,   21,       0,             0,                21,              3.0,             7,              0.69
  0,     8,    6,       0,             0,                11,              1.0,            31,              1.1
  5,     8,   19,       1,             1,                 8,              1.0,            78,              1.49
  2,     8,   11,       0,             0,                27,              1.0,            26,              0.88
  6,     4,    7,       0,             0,                11,              1.0,            44,              0.94
  1,     2,   23,       0,             1,                 2,              1.0,            78,              1.56
  2,     3,   19,       0,             0,                29,              1.0,            83,              0.79
  4,     2,   13,       1,             0,                19,              1.0,            90,              0.93
  6,    12,   11,       0,             0,                15,              3.0,            28,              0.55
  0,     4,    8,       0,             1,                 3,              1.0,            95,              1.34
  0,     8,   23,       0,             0,                23,              1.0,            64,              0.98
  1,     1,   16,       0,             0,                24,              1.0,            31,              0.85
  0,     7,   10,       0,             0,                15,              1.0,            14,              0.77
  4,     6,   14,       1,             0,                14,              1.0,            73,              0.91
  1,    11,    7,       0,             1,                12,              1.0,            79,              1.57
  6,     8,   18,       0,             0,                23,              1.0,            86,              0.84
  5,     9,   17,       1,             0,                18,              2.0,            93,              0.82
  2,     9,   19,       0,             0,                27,              1.0,            95,              0.71
  0,    10,   17,       0,             0,                 3,              2.0,            83,              1.51
  2,     6,    6,       0,             0,                 6,              2.0,            43,              1.07
  5,     3,   20,       1,             0,                25,              2.0,            74,              0.89
  2,     7,   13,       0,             0,                28,              1.0,            24,              0.78
  3,     8,   20,       0,             0,                 6,              1.0,            83,              1.97
  1,     3,    9,       0,             0,                 1,              1.0,            39,              0.72
  5,     7,    8,       1,             0,                11,              2.0,            87,              1.58
  6,     8,    8,       0,             0,                 6,              1.0,            62,              0.97
  0,     3,   23,       0,             0,                 0,              1.0,            70,              1.11
  0,     8,   18,       0,             0,                19,              1.0,            89,              0.8
  2,     1,   22,       0,             0,                28,              1.0,            85,              0.83
  4,     1,   23,       1,             0,                18,              1.0,           100,              0.75
  6,     7,   16,       0,             0,                14,              2.0,            70,              0.78
  1,     4,    8,       0,             0,                 8,              1.0,            32,              0.92
  0,     3,   12,       0,             0,                 6,              1.0,            36,              0.86
  3,     9,   14,       0,             0,                 6,              1.0,            12,              0.65
  0,     5,   21,       0,             0,                 7,              1.0,            75,              1.94
  3,     2,    8,       0,             0,                25,              3.0,            19,              0.72
  2,     8,   14,       0,             0,                17,              3.0,            26,              0.72
  5,    11,   16,       1,             0,                21,              2.0,            92,              0.88
  5,     5,   13,       1,             0,                 0,              1.0,            78,              1.46
  4,     5,   21,       1,             0,                12,              1.0,            88,              1.44
  6,     5,    9,       0,             0,                17,              1.0,            35,              0.77
  1,     8,   10,       0,             0,                22,              1.0,            21,              0.82
  3,     7,   16,       0,             0,                 7,              1.0,            60,              1.28
  5,     2,   16,       1,             0,                 1,              1.0,            96,              2.1
  3,     8,    6,       0,             0,                11,              1.0,            45,              1.09
  3,     7,   12,       0,             0,                27,              1.0,            17,              0.88
  1,     6,   11,       0,             0,                18,              1.0,            12,              0.73
  0,    12,    6,       0,             0,                13,              1.0,            35,              1.27
  6,    12,   10,       0,             0,                 0,              1.0,            11,              0.64
  6,     6,   17,       0,             0,                 2,              1.0,            98,              2.02
  0,     1,    8,       0,             0,                19,              1.0,            42,              0.94
  3,     8,    9,       0,             0,                 9,              2.0,            26,              0.62
  4,     5,   10,       1,             1,                19,              3.0,             5,              0.69
  5,     9,    9,       1,             0,                 7,              2.0,            71,              1.51
  2,    11,   11,       0,             0,                25,              1.0,            40,              0.85
  2,    11,   18,       0,             0,                29,              1.0,            97,              0.79
  2,     4,   13,       0,             0,                22,              1.0,            12,              0.72
  0,     3,    9,       0,             0,                 4,              1.0,            12,              0.68
  2,    12,   16,       0,             0,                22,              1.0,            56,              0.74
  5,    11,   23,       1,             0,                 9,              3.0,             6,              0.77
  5,     1,   17,       1,             0,                 6,              1.0,            71,              1.23
  6,     5,   18,       0,             0,                15,              1.0,           100,              0.82
  5,     6,   20,       1,             0,                10,              2.0,            92,              1.54
  2,    10,   11,       0,             1,                25,              1.0,            78,              0.82
  3,     6,   10,       0,             1,                 4,              1.0,            89,              1.6
  2,     4,   11,       0,             0,                24,              1.0,            21,              0.91
  6,    10,   17,       0,             0,                 3,              1.0,            96,              1.98
  1,     4,   10,       0,             0,                21,              3.0,            23,              0.65
  4,     7,   22,       1,             0,                19,              3.0,             6,              0.63
  5,     1,   20,       1,             0,                18,              1.0,            87,              1.0
  3,     1,   15,       0,             0,                13,              1.0,            34,              1.09
  3,     8,   13,       0,             0,                26,              1.0,            24,              0.78
  5,     1,   13,       1,             0,                18,              1.0,            78,              0.7
  1,     1,   13,       0,             0,                14,              1.0,            10,              0.83
  0,     5,   23,       0,             0,                17,              3.0,             0,              0.65
  5,    11,   15,       1,             0,                21,              1.0,            88,              0.76
  5,     9,   15,       1,             0,                27,              1.0,            82,              0.87
  2,     3,   23,       0,             0,                 0,              2.0,            35,              1.03
  1,     8,    6,       0,             1,                29,              2.0,            78,              0.75
  2,    11,   14,       0,             0,                28,              1.0,            33,              0.75
  0,     5,   15,       0,             0,                22,              1.0,            34,              0.72
  1,     2,    6,       0,             0,                 2,              2.0,            47,              1.29
  0,     8,   16,       0,             0,                24,              2.0,            64,              0.84
  0,     8,   14,       0,             0,                11,              2.0,            21,              0.65
  6,     4,   23,       0,             0,                23,              1.0,            69,              0.94
  6,     2,    8,       0,             0,                10,              1.0,            64,              0.98
  6,    11,   17,       0,             1,                27,              1.0,            94,              0.83
  6,     9,   18,       0,             0,                 6,              2.0,            85,              1.82
  5,    12,    8,       1,             0,                23,              1.0,            91,              0.98
  6,     8,   23,       0,             0,                12,              1.0,            53,              0.98
  0,     1,   20,       0,             0,                18,              1.0,            91,              0.98
  5,     6,   19,       1,             0,                 0,              3.0,            27,              0.64
  1,     2,   22,       0,             0,                 3,              1.0,            85,              1.6
  4,    12,   16,       1,             0,                25,              1.0,            96,              0.89
  1,     5,   23,       0,             0,                 9,              1.0,            36,              0.92
  2,    11,   10,       0,             0,                26,              1.0,            14,              0.78
  6,     7,    8,       0,             0,                11,              1.0,            49,              1.2
  3,     1,    6,       0,             0,                10,              1.0,            35,              1.25
  4,    10,    9,       1,             0,                 3,              3.0,            24,              0.6
  0,     3,   12,       0,             0,                 2,              1.0,            18,              0.69
  6,     9,   23,       0,             0,                 2,              2.0,            65,              1.27
  6,    12,   23,       0,             0,                17,              2.0,            36,              0.97
  6,     1,   15,       0,             0,                13,              1.0,            51,              1.01
  0,     3,    8,       0,             1,                30,              1.0,            73,              0.97
  0,     8,   17,       0,             0,                 3,              1.0,            88,              1.95
  6,     4,    8,       0,             0,                 5,              2.0,            66,              1.18
  0,    11,    6,       0,             0,                23,              2.0,            40,              0.92
  6,    11,   22,       0,             0,                13,              1.0,            86,              1.9
  4,    12,   12,       1,             0,                 7,              1.0,            76,              1.69
  3,     4,   22,       0,             0,                 4,              1.0,            88,              1.53
  4,     5,   14,       1,             0,                27,              3.0,            22,              0.63
  5,    10,   21,       1,             1,                 3,              1.0,            76,              1.8
  5,     3,   11,       1,             0,                18,              1.0,            91,              0.77
  5,     1,   13,       1,             0,                23,              1.0,            72,              0.91
  1,     4,   14,       0,             0,                18,              1.0,            16,              0.92
  6,    12,    6,       0,             0,                10,              1.0,            39,              0.96
  5,     2,   17,       1,             0,                13,              1.0,            86,              1.74
  3,    11,   12,       0,             0,                 4,              1.0,            21,              0.66
  5,    11,   13,       1,             0,                30,              1.0,            71,              0.78
  3,     8,   11,       0,             1,                28,              2.0,            93,              0.84
  2,     4,   19,       0,             0,                 9,              1.0,            78,              1.34
  6,     1,   21,       0,             0,                16,              1.0,            84,              0.8
  5,     4,   20,       1,             0,                27,              1.0,            85,              0.99
  2,     3,   21,       0,             0,                28,              1.0,            94,              0.77
  3,     7,   13,       0,             0,                17,              1.0,            39,              0.74
  2,    12,   17,       0,             0,                22,              1.0,            97,              0.9
  6,     5,   18,       0,             1,                18,              3.0,             3,              0.57
  2,     5,   13,       0,             0,                21,              3.0,            27,              0.68
  6,     9,   11,       0,             0,                16,              1.0,            40,              0.71
  6,    12,   23,       0,             0,                10,              1.0,            42,              0.97
  5,     5,   19,       1,             0,                25,              1.0,            76,              0.89
  5,    10,   17,       1,             1,                15,              2.0,            98,              0.77
  0,     6,   17,       0,             0,                 7,              1.0,            85,              1.38
  4,     1,    8,       1,             0,                28,              1.0,            83,              0.96
  1,     8,   19,       0,             0,                23,              1.0,            91,              1.0
  4,     8,   10,       1,             0,                 6,              1.0,            73,              1.23
  0,    10,   19,       0,             0,                 8,              2.0,            98,              1.56
  1,     2,   16,       0,             0,                19,              1.0,            46,              0.94
  4,    12,   13,       1,             1,                22,              1.0,            75,              0.9
  5,    12,    6,       1,             0,                15,              2.0,            76,              0.94
  2,     2,    8,       0,             0,                 7,              3.0,             8,              0.5
  5,     6,   17,       1,             0,                17,              2.0,            70,              0.92
  5,    10,    6,       1,             0,                 6,              1.0,            75,              1.39
  0,    12,   11,       0,             0,                 6,              1.0,            19,              0.74
  5,     8,   13,       1,             0,                 1,              1.0,            99,              2.31
  2,    11,   15,       0,             0,                13,              1.0,            34,              1.23
  1,     8,   18,       0,             1,                11,              1.0,            75,              1.75
  3,     2,    8,       0,             0,                 6,              1.0,            56,              0.94
  1,    12,   11,       0,             0,                16,              2.0,            38,              0.9
  4,    10,   16,       1,             0,                 5,              2.0,            89,              1.63
  4,     4,   20,       1,             0,                19,              2.0,            84,              0.78
  2,    10,   12,       0,             0,                25,              2.0,            10,              0.76
  2,     7,   23,       0,             0,                 2,              3.0,             3,              0.74
  1,     1,   13,       0,             0,                17,              3.0,             3,              0.67
  3,    11,   10,       0,             1,                 5,              1.0,            77,              1.84
  1,     1,   22,       0,             0,                17,              3.0,             7,              0.66
  0,     6,   22,       0,             0,                 8,              1.0,            87,              1.31
  1,     1,   19,       0,             0,                26,              1.0,            95,              0.94
  5,    11,    8,       1,             0,                19,              1.0,            83,              0.92
  4,     2,   16,       1,             0,                21,              1.0,            97,              0.8
  0,     1,    6,       0,             0,                22,              1.0,            31,              0.73
  1,    12,    8,       0,             1,                 6,              1.0,            95,              1.28
  6,     9,   17,       0,             1,                20,              2.0,            89,              0.71
  1,     6,   16,       0,             0,                 3,              2.0,            62,              1.16
  6,     5,   14,       0,             0,                17,              2.0,            29,              0.9
  4,     8,   15,       1,             0,                29,              2.0,            74,              0.75
  6,     5,   22,       0,             0,                 1,              1.0,            85,              1.23
  3,     8,    6,       0,             1,                 1,              1.0,            78,              1.91
  3,     6,   16,       0,             1,                23,              1.0,            86,              0.74
  3,    10,    9,       0,             0,                 4,              2.0,            26,              0.67
  2,     6,    7,       0,             0,                26,              1.0,            66,              0.81
  0,     9,    7,       0,             0,                 1,              1.0,            45,              1.06
  6,    10,   23,       0,             0,                11,              2.0,            31,              1.21
  6,    11,   22,       0,             0,                 2,              1.0,            95,              1.83
  0,     7,   14,       0,             0,                 3,              3.0,            29,              0.66
  0,     5,   14,       0,             0,                20,              1.0,            40,              0.84
  1,     9,   12,       0,             0,                24,              1.0,            30,              0.72
  2,     4,   10,       0,             0,                 4,              2.0,            29,              0.8
  5,     3,   22,       1,             0,                21,              2.0,            79,              0.82
  1,     1,   13,       0,             0,                24,              2.0,            21,              0.92
  6,     9,   19,       0,             0,                 9,              3.0,             8,              0.52
  6,     1,   18,       0,             0,                20,              1.0,            81,              0.98
  2,     5,    7,       0,             0,                25,              1.0,            53,              0.8
  5,     3,   15,       1,             0,                27,              3.0,             0,              0.7
  3,     7,   15,       0,             0,                 8,              3.0,            16,              0.67
  6,     9,   22,       0,             0,                 0,              2.0,            93,              1.88
  1,     9,   22,       0,             0,                26,              3.0,            10,              0.72
  1,     8,    7,       0,             0,                10,              1.0,            70,              0.92
  6,     5,   13,       0,             0,                 6,              1.0,            34,              0.85
  1,     9,   14,       0,             0,                28,              2.0,            22,              0.92
  6,     3,    9,       0,             1,                22,              1.0,            86,              0.84
  6,     2,   23,       0,             1,                 6,              1.0,            72,              1.7
  1,     8,   12,       0,             0,                20,              1.0,            17,              0.71
  3,     1,    8,       0,             0,                29,              2.0,            62,              0.85
  2,     7,    9,       0,             0,                16,              3.0,            24,              0.67
  6,     9,    6,       0,             1,                 5,              1.0,            70,              2.0
  0,    10,    9,       0,             0,                13,              1.0,            14,              0.85
  4,     1,   13,       1,             0,                10,              1.0,            92,              1.6
  5,     5,    9,       1,             0,                29,              1.0,            70,              0.96
  5,     4,   18,       1,             0,                25,              1.0,            98,              0.72
  2,    10,    8,       0,             0,                27,              1.0,            66,              0.79
  4,     5,   13,       1,             0,                16,              1.0,            96,              0.71
  1,     7,   12,       0,             0,                23,              1.0,            16,              0.88
  4,     3,    8,       1,             0,                 8,              1.0,            83,              1.26
  2,     1,   15,       0,             0,                17,              1.0,            32,              0.95
  5,     1,   16,       1,             0,                29,              1.0,            83,              0.99
  5,     1,   22,       1,             0,                 3,              2.0,            83,              1.82
  0,     1,   12,       0,             0,                 1,              1.0,            16,              0.71
  3,    10,    8,       0,             0,                24,              1.0,            39,              0.91
  0,     6,   12,       0,             1,                 5,              2.0,            78,              1.92
  2,     1,   19,       0,             0,                 5,              1.0,            73,              1.59
  6,     8,   19,       0,             0,                20,              3.0,            19,              0.56
  4,     5,   15,       1,             0,                 1,              1.0,            79,              1.92
  0,     9,   20,       0,             0,                10,              1.0,            85,              1.89
  4,    12,   22,       1,             0,                 1,              1.0,            90,              2.06
  5,     2,    7,       1,             0,                11,              1.0,            92,              1.21
  6,     1,   22,       0,             0,                18,              1.0,            72,              0.94
  2,    10,   11,       0,             0,                22,              3.0,             8,              0.67
  1,     7,   19,       0,             0,                18,              2.0,            97,              0.93
  2,     9,   20,       0,             1,                16,              1.0,            87,              0.94
  4,     7,   13,       1,             0,                18,              1.0,            70,              0.93
  2,    10,   12,       0,             0,                28,              1.0,            15,              0.95
  6,     4,   15,       0,             0,                24,              3.0,            12,              0.67
  0,     7,    6,       0,             0,                15,              1.0,            70,              0.74
  6,     7,    6,       0,             0,                 5,              2.0,            49,              1.12
  5,     4,   22,       1,             0,                10,              2.0,            89,              1.93
  5,     4,   22,       1,             0,                28,              1.0,            70,              0.95
  2,     1,   17,       0,             0,                28,              2.0,            74,              0.97
  4,    10,   19,       1,             0,                17,              2.0,            95,              0.74
  4,     6,   23,       1,             0,                13,              2.0,            72,              1.83
  3,    10,   18,       0,             0,                20,              1.0,            96,              0.76
  4,     8,   19,       1,             1,                26,              2.0,            74,              0.93
  6,     9,   16,       0,             0,                29,              2.0,            46,              0.95
  6,     5,   18,       0,             0,                 7,              1.0,            94,              1.45
  4,     5,    7,       1,             0,                26,              3.0,            15,              0.73
  0,     1,   22,       0,             0,                12,              3.0,            12,              0.52
  0,     2,   18,       0,             0,                 2,              1.0,            76,              1.85
  2,     1,    7,       0,             0,                12,              1.0,            69,              1.16
  0,     5,    8,       0,             0,                10,              1.0,            56,              1.21
  6,    11,   22,       0,             0,                18,              3.0,            20,              0.62
  1,     1,   17,       0,             0,                 8,              1.0,            98,              1.6
  3,    10,   15,       0,             0,                 1,              2.0,            58,              1.25
  5,     7,   19,       1,             0,                19,              1.0,            70,              0.87
  0,    12,   21,       0,             0,                26,              1.0,            82,              0.98
  1,    10,    8,       0,             0,                 8,              1.0,            63,              1.17
  2,     2,   12,       0,             0,                14,              1.0,            39,              0.74
  2,     6,   11,       0,             0,                29,              3.0,             3,              0.64
  0,     8,    6,       0,             0,                28,              3.0,            21,              0.53
  4,     3,    6,       1,             0,                 7,              2.0,            77,              1.86
  5,     6,   10,       1,             0,                17,              1.0,            81,              0.81
  1,     4,   20,       0,             1,                21,              1.0,            79,              0.78
  0,    12,   11,       0,             0,                10,              1.0,            37,              0.72
  4,     1,    9,       1,             0,                 9,              3.0,             7,              0.64
  5,     5,    9,       1,             0,                17,              1.0,            74,              0.97
  5,     8,   22,       1,             0,                 5,              1.0,            96,              1.33
  0,     8,   23,       0,             0,                 3,              2.0,            46,              1.11
  3,     3,   23,       0,             0,                26,              1.0,            68,              0.83
  6,     7,   13,       0,             0,                17,              1.0,            13,              0.95
  1,     9,   16,       0,             0,                10,              1.0,            58,              1.28
  0,     8,   23,       0,             0,                13,              1.0,            37,              1.08
  5,     1,   18,       1,             0,                15,              1.0,            82,              0.86
  6,     3,    6,       0,             0,                 0,              1.0,            39,              0.93
  6,     3,   11,       0,             0,                11,              1.0,            15,              0.63
  3,    11,   17,       0,             1,                10,              1.0,            84,              1.95
  5,     5,   18,       1,             0,                23,              1.0,            90,              0.93
  1,     2,   10,       0,             0,                12,              3.0,            24,              0.68
  0,     9,   23,       0,             0,                 8,              1.0,            69,              1.14
  2,     9,    6,       0,             0,                 4,              3.0,             1,              0.76
  6,     1,   13,       0,             0,                17,              1.0,            33,              0.88
  5,     5,   22,       1,             0,                20,              1.0,            98,              0.88
  6,    12,   22,       0,             0,                 2,              2.0,            79,              1.48
  5,     9,   22,       1,             0,                25,              2.0,            71,              0.91
  3,     2,   17,       0,             0,                 7,              3.0,            12,              0.63
  3,     4,   23,       0,             0,                21,              1.0,            69,              0.84
  3,     2,    8,       0,             0,                21,              3.0,            15,              0.68
  3,     7,   23,       0,             0,                19,              1.0,            57,              0.85
  5,     3,   10,       1,             0,                18,              1.0,            93,              0.71
  5,     9,   16,       1,             0,                 0,              1.0,            75,              1.75
  6,     4,   17,       0,             1,                 8,              3.0,            21,              0.77
  2,     7,   18,       0,             0,                10,              2.0,            88,              1.23
  5,     2,   11,       1,             0,                17,              1.0,            93,              0.8
  2,     5,   14,       0,             0,                16,              1.0,            28,              0.82
  1,     6,   15,       0,             0,                 7,              2.0,            38,              1.17
  5,    10,   14,       1,             0,                26,              3.0,            27,              0.78
  4,    10,    9,       1,             0,                 5,              1.0,            91,              1.74
  2,     3,   23,       0,             0,                23,              3.0,            15,              0.55
  2,     7,   11,       0,             0,                 5,              1.0,            28,              0.67
  5,     4,   16,       1,             0,                25,              2.0,            73,              0.77
  4,     2,   23,       1,             0,                11,              1.0,           100,              1.72
  4,     5,   18,       1,             0,                17,              1.0,            89,              0.8
  3,    11,   15,       0,             0,                 7,              1.0,            49,              1.15
  0,    11,   22,       0,             0,                 2,              3.0,             3,              0.77
  4,     8,   11,       1,             1,                16,              2.0,            80,              0.87
  2,     1,    8,       0,             0,                 6,              1.0,            35,              1.03
  3,     2,   16,       0,             0,                 6,              1.0,            41,              1.05
  1,     7,   21,       0,             0,                30,              1.0,            77,              0.94
  3,     6,    7,       0,             1,                19,              1.0,            97,              0.74
  6,    11,    9,       0,             0,                24,              2.0,            11,              0.93
  1,     8,   18,       0,             0,                30,              3.0,            22,              0.68
  3,     9,    7,       0,             0,                26,              1.0,            60,              0.7
  2,     3,   13,       0,             0,                16,              1.0,            34,              0.8
  1,     3,   16,       0,             0,                29,              2.0,            57,              0.82
  2,    10,   22,       0,             0,                24,              1.0,            84,              0.78
  6,     3,   10,       0,             0,                10,              1.0,            33,              0.87
  2,     9,   16,       0,             0,                13,              3.0,            25,              0.76
  6,    12,   15,       0,             0,                 4,              1.0,            69,              1.26
  0,    12,   19,       0,             0,                 0,              1.0,            97,              1.8
  0,     1,   10,       0,             0,                11,              2.0,            28,              0.79
  1,     2,   13,       0,             0,                28,              2.0,            36,              0.73
  2,     6,    8,       0,             0,                10,              1.0,            32,              1.11
  5,    11,   19,       1,             0,                 5,              2.0,            79,              1.44
  6,     9,   22,       0,             0,                12,              1.0,            92,              1.59
  3,    12,   13,       0,             0,                28,              2.0,            24,              0.92
  2,    11,   19,       0,             0,                 0,              1.0,            97,              2.16
  5,    12,   11,       1,             0,                 9,              1.0,           100,              1.26
  1,     3,   23,       0,             0,                 3,              2.0,            42,              1.23
  1,     4,   10,       0,             0,                20,              1.0,            19,              0.89
  0,     7,    6,       0,             0,                16,              1.0,            46,              0.85
  1,    12,   23,       0,             0,                 0,              1.0,            60,              1.06
  5,     2,   20,       1,             0,                 5,              3.0,            15,              0.64
  2,    12,   17,       0,             0,                 8,              1.0,            82,              1.32
  4,     1,   16,       1,             0,                 2,              1.0,            94,              2.4
  5,     8,   18,       1,             0,                17,              1.0,            73,              0.82
  4,     3,   20,       1,             0,                20,              1.0,            72,              0.84
  1,     4,   20,       0,             0,                23,              1.0,            88,              0.9
  1,     1,   16,       0,             0,                 4,              1.0,            66,              1.26
  1,    12,   19,       0,             0,                30,              1.0,            83,              0.94
  5,    10,    8,       1,             0,                 7,              1.0,            74,              1.39
  1,     6,   17,       0,             0,                 7,              2.0,            97,              1.92
  1,     6,   23,       0,             0,                 8,              1.0,            61,              1.19
  3,    12,   21,       0,             0,                25,              1.0,            77,              0.98
  4,     6,   14,       1,             0,                18,              2.0,            94,              0.85
  5,    12,    9,       1,             0,                14,              2.0,            97,              0.96
  3,     1,   11,       0,             0,                14,              1.0,            11,              0.8
  5,    10,   20,       1,             0,                29,              1.0,            73,              0.76
  5,     6,   10,       1,             0,                17,              3.0,            16,              0.57
  1,     1,    9,       0,             0,                11,              1.0,            35,              0.82
  0,     9,   12,       0,             0,                28,              1.0,            34,              0.87
  4,    11,   20,       1,             0,                16,              3.0,            14,              0.6
  1,    12,   17,       0,             0,                11,              1.0,            90,              1.63
  0,     1,   12,       0,             1,                 9,              1.0,            82,              1.72
  6,    10,   16,       0,             0,                 2,              1.0,            40,              1.28
  6,    12,    8,       0,             1,                 4,              2.0,            75,              1.82
  5,    10,   17,       1,             0,                 2,              1.0,            85,              1.42
  6,    12,   22,       0,             0,                19,              2.0,            99,              0.7
  3,     8,    8,       0,             0,                18,              1.0,            68,              0.99
  1,     7,    7,       0,             0,                23,              1.0,            43,              0.75
  6,    11,   20,       0,             0,                24,              2.0,            71,              0.73
  6,    12,    8,       0,             0,                12,              1.0,            38,              1.27
  0,     2,    7,       0,             0,                23,              1.0,            63,              0.93
  1,     4,   12,       0,             1,                18,              1.0,            82,              0.8
  4,     1,   11,       1,             0,                28,              2.0,            79,              0.93
  0,     3,   15,       0,             0,                 2,              1.0,            65,              1.17
  5,     9,   10,       1,             0,                27,              1.0,            91,              0.8
  1,     3,   15,       0,             0,                 0,              2.0,            67,              0.98
  6,     6,   17,       0,             0,                26,              2.0,            95,              0.92
  5,     1,   12,       1,             0,                18,              1.0,            74,              0.93
  4,     8,    6,       1,             0,                 7,              3.0,             3,              0.54
  1,     7,   17,       0,             0,                17,              1.0,            79,              0.93
  1,     4,    6,       0,             0,                 2,              3.0,            24,              0.55
  1,     8,    7,       0,             0,                11,              2.0,            60,              0.99
  3,     5,    7,       0,             0,                19,              1.0,            35,              0.83
  6,    10,    6,       0,             0,                 4,              1.0,            48,              1.11
  0,     6,   16,       0,             0,                27,              1.0,            70,              0.89
  1,    12,   15,       0,             1,                 1,              1.0,            89,              2.05
  3,     8,   20,       0,             0,                28,              2.0,            89,              0.72
  3,    10,   17,       0,             0,                13,              2.0,           100,              1.4
  3,     2,   10,       0,             0,                 8,              1.0,            10,              0.63
  4,     1,    9,       1,             0,                16,              1.0,            76,              0.71
  5,     7,   23,       1,             0,                14,              1.0,            94,              0.98
  3,     3,   19,       0,             0,                17,              1.0,            73,              0.94
  5,     6,   20,       1,             0,                18,              1.0,            93,              0.73
  2,    12,    7,       0,             0,                 6,              1.0,            56,              1.08
  1,     1,   20,       0,             0,                10,              1.0,            71,              1.85
  2,     6,   22,       0,             0,                15,              1.0,            95,              0.82
  0,    12,   12,       0,             1,                18,              1.0,            81,              0.86
  4,    11,   17,       1,             0,                22,              1.0,            78,              0.85
  1,     2,   23,       0,             1,                 6,              3.0,            25,              0.76
  1,    10,   18,       0,             0,                25,              3.0,            14,              0.78
  6,     7,   18,       0,             0,                 4,              1.0,            88,              1.25
  1,     3,   21,       0,             1,                 1,              3.0,            12,              0.62
  0,     5,   16,       0,             0,                 0,              2.0,            37,              0.92
  4,     8,   20,       1,             0,                 8,              1.0,            93,              1.72
  4,     4,   23,       1,             0,                17,              1.0,            92,              0.87
  5,    12,   14,       1,             0,                10,              1.0,            92,              1.25
  6,     3,    7,       0,             0,                19,              1.0,            67,              0.79
  6,    10,   21,       0,             0,                12,              2.0,            86,              1.99
  5,     4,    8,       1,             0,                18,              1.0,            73,              0.94
  3,    10,   23,       0,             0,                 3,              1.0,            54,              1.28
  1,     4,   21,       0,             0,                 1,              1.0,            88,              1.99
  1,     3,   16,       0,             0,                 6,              2.0,            62,              1.17
  4,     5,    9,       1,             0,                14,              2.0,            72,              0.91
  2,     3,   19,       0,             0,                30,              2.0,            70,              0.76
  0,     9,   20,       0,             0,                17,              2.0,            73,              0.73
  0,     3,    6,       0,             0,                21,              2.0,            36,              0.95
  4,     2,   13,       1,             0,                22,              2.0,            88,              0.85
  4,    10,   20,       1,             0,                28,              1.0,            84,              0.99
  5,     9,   22,       1,             0,                30,              1.0,            91,              0.85
  6,     2,   23,       0,             0,                28,              1.0,            64,              0.74
  6,     2,   20,       0,             0,                28,              1.0,            86,              0.92
  1,    10,   20,       0,             0,                11,              1.0,            70,              1.63
  0,     1,   14,       0,             0,                13,              1.0,            25,              0.8
  6,     3,   12,       0,             0,                 2,              1.0,            22,              0.63
  5,    11,    8,       1,             0,                16,              3.0,            21,              0.75
  2,     3,   19,       0,             0,                16,              1.0,            93,              0.93
  4,    11,   21,       1,             0,                 1,              1.0,            88,              2.05
  5,     2,   14,       1,             0,                 2,              2.0,            83,              1.29
  3,     1,   21,       0,             0,                20,              1.0,            85,              0.79
  6,    12,   23,       0,             0,                10,              2.0,            52,              0.94
  3,    10,   18,       0,             0,                20,              1.0,            89,              0.98
  5,    11,   15,       1,             0,                12,              1.0,            77,              1.78
  4,     7,    6,       1,             0,                16,              1.0,            72,              0.83
  1,     9,   16,       0,             0,                 4,              1.0,            52,              1.13
  1,    11,   19,       0,             0,                17,              1.0,            86,              0.99
  6,     4,   14,       0,             0,                17,              2.0,            17,              0.88
  3,     3,   14,       0,             0,                 4,              3.0,            24,              0.66
  4,    10,    8,       1,             0,                19,              2.0,            72,              0.79
  1,     2,   13,       0,             0,                24,              3.0,            20,              0.74
  6,     4,   19,       0,             0,                 6,              1.0,            83,              1.92
  2,     3,   13,       0,             1,                 8,              1.0,            86,              1.28
  2,    12,    6,       0,             0,                11,              3.0,             8,              0.73
  3,     3,   14,       0,             0,                 3,              1.0,            30,              0.61
  1,    12,   15,       0,             0,                25,              1.0,            55,              0.95
  3,    12,   21,       0,             0,                29,              2.0,            94,              0.85
  5,     5,   23,       1,             0,                17,              2.0,            87,              0.86
  5,     1,   18,       1,             0,                17,              1.0,            78,              0.72
  2,     7,   22,       0,             0,                 3,              2.0,            96,              1.46
  1,     7,   18,       0,             0,                17,              1.0,            91,              0.86
  6,     4,   18,       0,             0,                17,              1.0,            99,              0.85
  4,     5,    8,       1,             0,                18,              1.0,            80,              0.94
  0,     2,    9,       0,             0,                23,              1.0,            15,              0.72
  5,     8,   17,       1,             0,                29,              1.0,            92,              0.71
  0,     2,   21,       0,             1,                21,              2.0,            77,              0.95
  4,     9,   18,       1,             0,                10,              1.0,            92,              1.72
  0,     9,   14,       0,             0,                19,              1.0,            25,              0.7
  0,    10,   15,       0,             0,                 9,              1.0,            67,              1.0
  0,     5,   18,       0,             0,                21,              3.0,            25,              0.77
  6,     9,   19,       0,             0,                13,              1.0,            95,              1.55
  1,     1,   15,       0,             0,                27,              1.0,            58,              0.8
  0,    10,   20,       0,             0,                 9,              2.0,           100,              1.38
  6,     9,    6,       0,             0,                 7,              3.0,            11,              0.58
  3,     7,   10,       0,             0,                 5,              2.0,            20,              0.81
  0,     2,   18,       0,             0,                19,              2.0,            77,              0.98
  0,    12,   19,       0,             0,                 5,              1.0,            74,              1.44
  6,     8,   19,       0,             0,                15,              2.0,            85,              0.79
  1,     6,    8,       0,             0,                 3,              1.0,            47,              1.18
  0,     2,   17,       0,             0,                27,              1.0,           100,              0.78
  6,     9,   18,       0,             0,                 0,              2.0,            87,              1.81
  3,    10,   22,       0,             0,                15,              2.0,            87,              0.74
  6,     2,   11,       0,             0,                28,              3.0,            14,              0.78
  0,     5,   20,       0,             0,                22,              1.0,            78,              0.96
  5,     7,    8,       1,             0,                 3,              3.0,             1,              0.56
  2,     4,   21,       0,             0,                13,              1.0,            88,              1.78
  6,     9,    7,       0,             0,                11,              3.0,            20,              0.55
  2,     9,   11,       0,             0,                 3,              2.0,            32,              0.83
  4,     6,   14,       1,             0,                24,              3.0,             8,              0.51
  5,     7,   14,       1,             0,                11,              1.0,            84,              1.47
  1,     4,    8,       0,             0,                30,              1.0,            58,              0.79
  4,    10,   21,       1,             0,                19,              2.0,            72,              0.84
  6,     7,   12,       0,             0,                 9,              2.0,            31,              0.82
  3,     3,    6,       0,             0,                26,              1.0,            54,              0.91
  6,     2,   21,       0,             0,                 0,              2.0,            71,              1.84
  0,    10,   18,       0,             0,                26,              1.0,            80,              0.91
  1,     1,   18,       0,             0,                25,              3.0,            10,              0.72
  4,     3,   14,       1,             0,                 7,              1.0,            77,              1.9
  0,     1,    9,       0,             0,                22,              3.0,            14,              0.64
  2,     9,    8,       0,             0,                11,              3.0,             8,              0.58
  5,     6,   14,       1,             0,                 1,              2.0,            76,              1.86
  2,    12,    8,       0,             0,                19,              1.0,            65,              0.73
  5,    11,   16,       1,             0,                19,              1.0,            87,              0.84
  4,     9,   14,       1,             0,                23,              1.0,            89,              0.87
  3,    10,   22,       0,             0,                 4,              3.0,            24,              0.71
  0,     5,   16,       0,             0,                22,              1.0,            60,              0.73
  6,     8,   10,       0,             0,                 7,              1.0,            12,              0.86
  4,     9,   18,       1,             0,                 5,              1.0,            98,              1.36
  4,    11,   13,       1,             0,                 5,              1.0,            77,              1.65
  0,     3,    9,       0,             0,                21,              1.0,            10,              0.82
  6,     3,   12,       0,             0,                16,              3.0,            29,              0.51
  4,     9,   12,       1,             0,                 3,              1.0,            73,              1.21
  1,     3,    6,       0,             1,                22,              1.0,            84,              0.83
  0,     1,    6,       0,             0,                20,              1.0,            65,              0.98
  5,     8,   18,       1,             0,                17,              1.0,            79,              0.76
  3,     2,   15,       0,             1,                23,              1.0,            87,              0.79
  2,    11,   13,       0,             0,                 2,              1.0,            34,              0.61
  3,     5,   19,       0,             0,                24,              3.0,            20,              0.54
  2,     5,   19,       0,             0,                18,              1.0,            91,              0.94
  0,     1,   12,       0,             0,                 0,              1.0,            34,              0.72
  1,     1,   17,       0,             0,                 8,              3.0,            30,              0.72
  3,     8,    8,       0,             0,                28,              2.0,            57,              0.83
  5,     7,   19,       1,             0,                 2,              1.0,            90,              2.08
  2,     5,    8,       0,             0,                22,              2.0,            44,              1.0
  0,     8,   23,       0,             0,                12,              2.0,            67,              1.01
  4,     8,    7,       1,             0,                 0,              1.0,            87,              2.33
  3,     7,   23,       0,             0,                17,              1.0,            64,              0.92
  4,    10,   18,       1,             0,                19,              1.0,            70,              0.86
  4,     7,   23,       1,             0,                28,              2.0,            73,              0.84
  5,    11,   21,       1,             0,                 2,              1.0,            81,              1.84
  3,     3,   17,       0,             0,                 2,              1.0,            98,              2.06
  5,    10,   13,       1,             0,                30,              1.0,            83,              0.96
  6,     6,   20,       0,             0,                20,              1.0,            87,              0.95
  1,     7,    6,       0,             0,                 2,              1.0,            30,              1.2
  4,     6,   10,       1,             0,                25,              1.0,            80,              0.85
  0,     8,   21,       0,             0,                22,              1.0,            93,              0.74
  2,     7,   11,       0,             0,                 3,              1.0,            35,              0.85
  4,     3,   14,       1,             1,                22,              1.0,           100,              0.74
  2,     3,   11,       0,             0,                30,              1.0,            26,              0.88
  3,     1,   14,       0,             0,                11,              1.0,            14,              0.63
  4,     6,   15,       1,             0,                26,              2.0,            80,              0.83
  4,     3,    6,       1,             0,                 4,              1.0,            97,              1.49
  6,     1,    6,       0,             0,                 1,              1.0,            55,              0.99
  5,     6,   19,       1,             0,                 1,              1.0,            76,              1.86
  2,     8,   11,       0,             0,                29,              1.0,            20,              0.97
  6,     5,    6,       0,             1,                15,              1.0,           100,              0.97
  4,     3,   11,       1,             0,                22,              1.0,            72,              0.74
  3,     2,   18,       0,             0,                17,              3.0,            25,              0.73
  0,     8,    8,       0,             1,                11,              3.0,            20,              0.71
  0,     2,    9,       0,             0,                 0,              2.0,            37,              0.74
  6,     2,    8,       0,             0,                13,              1.0,            32,              1.2
  1,     8,    7,       0,             0,                 4,              1.0,            32,              1.08
  6,     7,   16,       0,             0,                 0,              3.0,             8,              0.77
  6,    11,    8,       0,             0,                18,              2.0,            65,              0.91
  5,     5,   13,       1,             0,                 4,              2.0,            86,              1.57
  4,     9,   12,       1,             0,                13,              1.0,            89,              1.41
  3,     2,   19,       0,             0,                 2,              3.0,            25,              0.72
  1,     8,   12,       0,             0,                25,              1.0,            16,              0.97
  5,     2,    7,       1,             0,                 1,              1.0,            94,              2.19
  4,     7,   13,       1,             0,                 2,              1.0,            79,              1.37
  6,    12,   17,       0,             0,                16,              2.0,            96,              0.77
  6,     3,   19,       0,             0,                12,              3.0,            17,              0.63
  5,     7,   20,       1,             0,                17,              1.0,            92,              1.0
  2,     9,   22,       0,             0,                 9,              3.0,            10,              0.74
  3,    11,   15,       0,             0,                 4,              1.0,            51,              1.03
  3,     8,   14,       0,             0,                12,              1.0,            29,              0.7
  0,     6,   18,       0,             0,                18,              1.0,            96,              0.7
  0,     9,   16,       0,             0,                10,              1.0,            61,              1.15
  2,    12,    6,       0,             0,                19,              1.0,            44,              0.73
  0,     2,   20,       0,             0,                30,              1.0,            89,              1.0
  0,     3,   16,       0,             0,                22,              3.0,            21,              0.62
  5,    12,   11,       1,             0,                 0,              1.0,            89,              2.06
  1,     6,   14,       0,             0,                 2,              2.0,            10,              0.87
  5,     3,   11,       1,             0,                10,              2.0,            98,              1.65
  6,     1,    6,       0,             0,                13,              2.0,            33,              0.93
  0,     6,   12,       0,             0,                29,              1.0,            38,              0.8
  6,    11,   14,       0,             0,                28,              2.0,            11,              0.83
  0,     8,    9,       0,             0,                22,              1.0,            14,              0.84
  4,     1,   17,       1,             0,                18,              2.0,            90,              0.71
  1,    11,    8,       0,             1,                12,              1.0,            91,              1.7
  2,    12,    6,       0,             0,                28,              1.0,            30,              0.78
  1,     1,   12,       0,             0,                16,              2.0,            34,              0.79
  0,     9,   15,       0,             0,                29,              1.0,            44,              1.0
  2,    10,   11,       0,             0,                11,              1.0,            34,              0.67
  2,    11,   16,       0,             0,                11,              1.0,            32,              0.92
  3,    10,    6,       0,             0,                12,              1.0,            65,              0.92
  4,     7,   20,       1,             0,                 1,              2.0,            98,              1.97
  3,     9,   14,       0,             0,                 4,              2.0,            40,              0.67
  1,    10,   15,       0,             0,                22,              3.0,            11,              0.76
  0,     1,   18,       0,             0,                12,              2.0,            97,              1.33
  2,     1,   12,       0,             0,                11,              2.0,            12,              0.75
  3,     6,   14,       0,             0,                12,              1.0,            13,              0.74
  2,     3,    7,       0,             0,                21,              3.0,            22,              0.73
  1,     4,   15,       0,             0,                 3,              1.0,            32,              1.13
  5,     7,    7,       1,             0,                 0,              2.0,           100,              2.18
  3,     9,   14,       0,             0,                 4,              3.0,             3,              0.53
  3,     8,   13,       0,             0,                19,              3.0,             9,              0.77
  2,     8,   16,       0,             0,                18,              1.0,            64,              0.84
  6,    10,   11,       0,             1,                18,              2.0,            94,              0.83
  1,     7,    7,       0,             0,                26,              1.0,            41,              0.94
  5,     3,   20,       1,             0,                16,              1.0,            78,              0.84
  3,     1,   10,       0,             1,                14,              1.0,            95,              0.8
  1,     4,   23,       0,             1,                 6,              1.0,           100,              1.33
  5,    10,   11,       1,             1,                29,              3.0,            25,              0.54
  4,     8,    6,       1,             0,                18,              1.0,            73,              0.93
  4,     7,   12,       1,             0,                10,              1.0,            72,              1.78
  2,    10,   20,       0,             0,                15,              1.0,            92,              0.73
  4,     9,    7,       1,             0,                24,              3.0,            10,              0.78
  3,     9,   12,       0,             1,                12,              2.0,            74,              1.61
  4,     8,   11,       1,             0,                 8,              1.0,            98,              1.45
  0,    11,    9,       0,             0,                 4,              1.0,            34,              0.74
  0,     1,   11,       0,             0,                19,              1.0,            14,              0.89
  6,     4,   10,       0,             0,                 4,              1.0,            12,              0.68
  3,     5,   12,       0,             0,                29,              2.0,            26,              0.92
  0,     7,   17,       0,             0,                22,              1.0,            70,              0.9
  5,    11,    6,       1,             0,                20,              1.0,            71,              0.78
  5,    12,   10,       1,             0,                 4,              1.0,            84,              1.6
  6,     3,    9,       0,             0,                22,              1.0,            38,              0.93
  1,     9,    8,       0,             0,                28,              1.0,            46,              0.82
  0,    11,    7,       0,             0,                25,              1.0,            58,              0.84
  2,     7,    9,       0,             0,                 7,              1.0,            12,              0.81
  5,     3,    8,       1,             0,                28,              2.0,            93,              0.72
  2,     7,    7,       0,             0,                 5,              1.0,            63,              0.99
  6,     1,   14,       0,             0,                30,              2.0,            36,              0.78
  4,     7,   18,       1,             0,                18,              1.0,            97,              0.76
  0,     7,   21,       0,             1,                 1,              1.0,            87,              2.42
  6,     7,   18,       0,             0,                24,              3.0,             1,              0.61
  5,     7,   10,       1,             1,                16,              2.0,            81,              0.81
  2,    10,   15,       0,             0,                25,              1.0,            32,              0.83
  3,     7,   12,       0,             0,                19,              2.0,            32,              0.77
  3,     6,    6,       0,             0,                19,              1.0,            59,              0.76
  6,     3,   18,       0,             0,                28,              2.0,            72,              0.79
  1,     5,   12,       0,             0,                21,              1.0,            36,              0.92
  5,     9,   16,       1,             0,                 4,              1.0,            86,              1.88
  5,     1,   23,       1,             0,                30,              3.0,            30,              0.71
  0,    12,   19,       0,             0,                 7,              2.0,            99,              1.86
  0,    11,   18,       0,             0,                 6,              1.0,            95,              1.39
  1,    12,   15,       0,             0,                30,              1.0,            53,              0.9
  2,     9,   13,       0,             0,                 8,              3.0,            30,              0.74
  6,    12,   13,       0,             1,                22,              2.0,            97,              0.9
  3,     7,    6,       0,             0,                23,              1.0,            59,              0.93
  3,    12,   14,       0,             0,                25,              1.0,            28,              0.91
  5,     5,   16,       1,             0,                11,              3.0,            13,              0.61
  3,     5,   18,       0,             0,                23,              1.0,            86,              0.81
  6,     2,   19,       0,             0,                 8,              1.0,            75,              1.47
  2,     1,   23,       0,             0,                 0,              1.0,            69,              1.27
  2,     9,    8,       0,             0,                 5,              2.0,            68,              0.96
  6,     6,   18,       0,             0,                27,              1.0,            73,              0.96
  1,     1,   20,       0,             0,                 8,              1.0,            81,              1.82
  4,     2,   14,       1,             0,                 3,              3.0,             9,              0.52
  5,     5,   23,       1,             0,                 7,              2.0,            75,              1.95
  6,     2,   15,       0,             0,                28,              1.0,            33,              0.84
  3,     4,   20,       0,             0,                30,              3.0,            28,              0.51
  4,    11,    9,       1,             0,                16,              2.0,            99,              0.75
  0,     2,   17,       0,             0,                14,              1.0,            99,              0.87
  2,     3,   12,       0,             0,                21,              1.0,            38,              0.75
  4,     8,   14,       1,             0,                21,              2.0,            91,              0.85
  0,     8,   12,       0,             0,                 5,              3.0,            29,              0.74
  0,    12,   22,       0,             0,                10,              3.0,            26,              0.54
  3,     8,   20,       0,             0,                13,              1.0,            80,              1.53
  1,     8,    6,       0,             0,                29,              1.0,            32,              0.98
  5,    12,   17,       1,             0,                26,              1.0,            87,              0.72
  2,     6,   22,       0,             0,                 1,              1.0,            99,              1.91
  6,    11,   11,       0,             0,                 2,              1.0,            20,              0.74
  6,     4,    9,       0,             0,                19,              1.0,            40,              0.87
  6,     2,   12,       0,             0,                16,              2.0,            32,              0.73
  1,     1,   12,       0,             0,                12,              2.0,            21,              0.81
  4,     7,   11,       1,             0,                 0,              2.0,            75,              1.66
  5,     8,   13,       1,             0,                23,              1.0,            89,              0.81
  6,    11,   12,       0,             0,                 4,              1.0,            30,              0.81
  6,     8,   13,       0,             0,                 6,              3.0,            19,              0.68
  0,     5,   17,       0,             0,                22,              2.0,            98,              0.93
  1,     6,   13,       0,             0,                13,              1.0,            26,              0.71
  0,     8,   18,       0,             1,                 1,              1.0,            84,              1.24
  1,     7,   21,       0,             0,                 3,              2.0,            95,              1.33
  6,     4,   18,       0,             1,                 0,              1.0,            74,              1.52
  2,    11,   23,       0,             0,                30,              1.0,            65,              0.89
  1,    12,    8,       0,             0,                15,              2.0,            70,              0.83
  5,     5,   23,       1,             0,                24,              1.0,            76,              0.8
  6,     5,   10,       0,             0,                30,              1.0,            32,              0.99
  1,     3,   22,       0,             1,                 3,              2.0,            79,              1.4
  1,     6,   23,       0,             0,                27,              2.0,            39,              0.92
  5,    11,   11,       1,             0,                30,              1.0,            71,              0.81
  6,    10,   16,       0,             0,                20,              1.0,            54,              0.77
  5,    12,   21,       1,             0,                 7,              1.0,            90,              1.29
  0,     5,   18,       0,             0,                15,              1.0,            96,              0.77
  3,    11,   16,       0,             0,                17,              3.0,            24,              0.54
  4,     6,   10,       1,             1,                21,              1.0,            94,              0.82
  3,    11,    7,       0,             0,                 9,              2.0,            44,              1.13
  5,     8,   17,       1,             0,                10,              2.0,            95,              1.58
  2,     6,   14,       0,             0,                25,              1.0,            30,              0.9
  2,     2,   19,       0,             0,                 8,              1.0,            88,              1.81
  5,     6,   16,       1,             0,                 0,              1.0,            91,              1.86
  5,     7,   12,       1,             0,                14,              1.0,            81,              0.94
  0,     8,    6,       0,             0,                 0,              1.0,            57,              1.29
  5,     1,    8,       1,             0,                20,              1.0,            74,              0.92
  0,     3,   15,       0,             1,                 6,              1.0,            94,              1.77
  4,     7,   20,       1,             0,                20,              1.0,            71,              0.87
  4,     8,   12,       1,             1,                13,              1.0,            85,              1.39
  6,    10,   11,       0,             0,                20,              1.0,            34,              0.71
  2,    12,   22,       0,             0,                15,              2.0,            83,              0.81
  6,    11,   12,       0,             0,                21,              1.0,            39,              0.91
  2,     4,    9,       0,             0,                20,              2.0,            20,              0.79
  0,     9,   16,       0,             0,                 3,              1.0,            40,              0.95
  0,     6,    6,       0,             0,                15,              2.0,            47,              1.0
  4,    11,   20,       1,             0,                 9,              1.0,            92,              1.24
  1,     7,   23,       0,             0,                 9,              1.0,            57,              1.1
  2,    10,   20,       0,             0,                29,              1.0,           100,              0.73
  6,     4,   18,       0,             0,                13,              2.0,            71,              1.41
  2,     1,    6,       0,             0,                11,              1.0,            44,              1.09
  0,    10,   18,       0,             0,                18,              1.0,            75,              0.99
  3,     2,    9,       0,             0,                18,              2.0,            14,              0.87
  3,     4,   16,       0,             0,                22,              1.0,            59,              0.92
  1,     6,   17,       0,             0,                16,              1.0,            83,              0.9
  3,     5,   13,       0,             0,                27,              1.0,            19,              0.97
  4,     9,   16,       1,             0,                11,              3.0,            13,              0.7
  1,     5,   16,       0,             0,                27,              3.0,            29,              0.59
  1,     5,   14,       0,             0,                25,              3.0,            19,              0.54
  4,    10,   13,       1,             0,                 7,              2.0,           100,              1.89
  2,    10,   20,       0,             0,                18,              3.0,            28,              0.62
  0,     9,   23,       0,             0,                 7,              1.0,            51,              1.1
  1,    10,   21,       0,             0,                 6,              3.0,            21,              0.75
  5,     9,   14,       1,             1,                 5,              1.0,            70,              2.0
  6,    10,   20,       0,             0,                22,              1.0,            97,              0.84
  0,     8,   16,       0,             0,                27,              1.0,            42,              0.79
  5,     7,   17,       1,             0,                25,              1.0,            97,              0.93
  0,     4,    6,       0,             1,                 8,              1.0,            97,              1.44
  0,     3,   13,       0,             0,                26,              1.0,            38,              0.92
  2,     2,   10,       0,             0,                 6,              2.0,            24,              0.7
  3,     6,   22,       0,             0,                12,              1.0,            88,              1.47
  5,     8,    6,       1,             0,                13,              3.0,             2,              0.78
  4,     4,    8,       1,             0,                11,              1.0,            76,              1.41
  2,     7,   18,       0,             0,                 2,              1.0,            87,              2.19
  0,     4,   15,       0,             0,                 6,              2.0,            40,              1.27
  5,     3,    7,       1,             0,                 6,              1.0,            79,              1.35
  3,     4,    9,       0,             1,                 7,              2.0,            92,              1.66
  4,    12,   18,       1,             0,                17,              2.0,            71,              0.87
  5,     6,   10,       1,             0,                 8,              1.0,            88,              1.97
  1,    11,    8,       0,             0,                15,              1.0,            48,              0.72
  2,     4,    7,       0,             0,                26,              1.0,            39,              0.77
  6,     6,    7,       0,             0,                26,              1.0,            47,              0.83
  2,     3,   20,       0,             0,                23,              3.0,            29,              0.73
  1,     4,   10,       0,             0,                 4,              2.0,            17,              0.6
  0,     3,   16,       0,             0,                 3,              1.0,            30,              0.99
  1,     4,   14,       0,             0,                14,              1.0,            32,              0.74
  3,     8,   17,       0,             0,                 0,              1.0,            83,              1.31
  3,    10,   17,       0,             0,                10,              1.0,            93,              1.25
  2,    11,   17,       0,             0,                 2,              3.0,             5,              0.77
  5,    10,   23,       1,             0,                26,              1.0,            77,              0.71
  2,    12,   10,       0,             1,                17,              1.0,            72,              0.98
  6,    10,    6,       0,             1,                22,              1.0,            75,              0.9
  1,     5,    7,       0,             0,                 1,              1.0,            56,              1.27
  2,    11,   23,       0,             0,                24,              3.0,            26,              0.78
  5,    11,   21,       1,             0,                 8,              1.0,            89,              1.83
  4,     3,   14,       1,             1,                11,              2.0,            77,              1.63
  3,     3,   21,       0,             0,                10,              1.0,            99,              1.25
  1,     6,    7,       0,             0,                18,              2.0,            51,              0.82
  6,     9,   15,       0,             0,                29,              1.0,            39,              0.98
  3,     4,   12,       0,             0,                24,              3.0,            25,              0.56
  1,     2,    8,       0,             0,                 3,              1.0,            62,              0.92
  5,     6,   23,       1,             0,                29,              2.0,            71,              0.9
  0,     8,    7,       0,             0,                15,              1.0,            32,              0.94
  1,    10,   10,       0,             0,                18,              3.0,            19,              0.58
  2,     3,   16,       0,             0,                28,              2.0,            61,              0.73
  1,     3,   21,       0,             0,                23,              1.0,            77,              0.87
  1,     3,    6,       0,             0,                 9,              1.0,            37,              1.05
  3,    11,   16,       0,             0,                 8,              1.0,            54,              1.24
  1,     4,    6,       0,             0,                26,              1.0,            48,              0.79
  3,     1,   15,       0,             0,                16,              1.0,            68,              0.87
  2,     1,   14,       0,             0,                25,              1.0,            37,              0.81
  5,     7,   22,       1,             0,                 2,              2.0,            97,              2.02
  6,    11,   20,       0,             0,                19,              2.0,            75,              0.82
  5,    11,   12,       1,             0,                28,              1.0,            80,              0.82
  2,     3,   20,       0,             0,                15,              1.0,            75,              0.75
  2,    10,   10,       0,             1,                 2,              3.0,            11,              0.66
  1,    10,   10,       0,             1,                11,              1.0,            99,              1.33
  4,     5,    9,       1,             1,                29,              3.0,            29,              0.73
  1,     1,   10,       0,             0,                10,              2.0,            32,              0.77
  1,     7,   13,       0,             0,                23,              2.0,            30,              0.82
  6,    10,   15,       0,             0,                30,              1.0,            57,              0.81
  2,    11,   14,       0,             0,                 0,              2.0,            27,              0.7
  1,     4,    9,       0,             0,                17,              2.0,            11,              0.71
  4,     9,   13,       1,             0,                 5,              1.0,            90,              1.27
  6,     3,    9,       0,             0,                 5,              2.0,            21,              0.82
  4,    11,    9,       1,             0,                17,              1.0,            83,              0.86
  4,     8,   18,       1,             0,                 0,              1.0,            88,              1.88
  2,     5,   23,       0,             0,                12,              1.0,            49,              1.2
  6,    11,    6,       0,             1,                12,              1.0,            99,              1.6
  3,     8,   22,       0,             0,                26,              1.0,            80,              0.93
  3,    11,   18,       0,             0,                27,              1.0,            79,              0.93
  0,    10,   19,       0,             0,                 6,              1.0,            75,              1.29
  1,    12,   19,       0,             0,                 5,              1.0,            75,              1.21
  5,     2,    7,       1,             0,                19,              1.0,            76,              0.94
  0,     5,   21,       0,             0,                29,              3.0,            24,              0.76
  6,     2,    8,       0,             0,                19,              1.0,            56,              0.88
  4,    10,   14,       1,             0,                16,              1.0,            75,              0.85
  1,     2,   23,       0,             1,                 7,              3.0,            13,              0.62
  5,    12,   11,       1,             0,                 1,              1.0,            99,              1.94
  1,     9,   16,       0,             0,                12,              1.0,            36,              0.9
  5,     1,   16,       1,             0,                 8,              1.0,            86,              1.92
  4,    12,    6,       1,             0,                17,              2.0,            99,              0.83
  6,    10,   11,       0,             0,                18,              2.0,            11,              0.72
  3,     9,   19,       0,             0,                14,              2.0,            99,              0.77
  1,     3,   23,       0,             0,                 6,              3.0,            16,              0.68
  3,    11,   12,       0,             0,                15,              1.0,            33,              0.72
  2,    11,    9,       0,             0,                30,              1.0,            35,              0.93
  6,     7,   11,       0,             0,                 3,              1.0,            27,              0.69
  6,     2,    6,       0,             0,                 6,              1.0,            62,              1.22
  1,     4,   10,       0,             1,                17,              2.0,            93,              0.99
  2,     3,   20,       0,             0,                23,              3.0,            16,              0.64
  5,    12,    6,       1,             0,                28,              1.0,            82,              0.73
  0,     7,   17,       0,             0,                 5,              1.0,            98,              1.95
  4,     2,   14,       1,             0,                 2,              2.0,            84,              1.69
  3,     2,   20,       0,             0,                22,              1.0,            88,              0.83
  6,     9,   13,       0,             0,                 9,              1.0,            25,              0.65
  5,     1,   10,       1,             0,                12,              1.0,           100,              1.86
  4,     7,   11,       1,             0,                11,              1.0,            73,              1.31
  3,     4,   15,       0,             0,                18,              1.0,            40,              0.8
  1,    10,   14,       0,             0,                20,              2.0,            34,              0.83
  2,     3,    6,       0,             0,                20,              1.0,            69,              0.82
  4,     5,    8,       1,             0,                18,              2.0,            85,              0.71
  0,     9,   20,       0,             0,                21,              1.0,            87,              0.81
  4,    10,   15,       1,             0,                 2,              3.0,             6,              0.74
  6,     9,   15,       0,             0,                14,              1.0,            59,              0.86
  5,     6,   12,       1,             0,                18,              1.0,            87,              0.73
  3,     5,   23,       0,             1,                 9,              1.0,            95,              1.68
  5,    11,   22,       1,             0,                28,              1.0,           100,              0.75
  6,     1,   11,       0,             0,                30,              1.0,            22,              0.82
  4,    10,    7,       1,             1,                17,              1.0,            87,              0.95
  2,     9,    9,       0,             0,                 0,              1.0,            27,              0.77
  1,    11,    7,       0,             0,                 9,              2.0,            64,              1.12
  4,    10,   21,       1,             0,                27,              2.0,            73,              0.87
  3,     4,    6,       0,             0,                30,              1.0,            53,              0.97
  0,     1,   12,       0,             1,                11,              2.0,            94,              1.74
  0,    10,   17,       0,             0,                 0,              3.0,            30,              0.61
  2,     2,   23,       0,             0,                18,              1.0,            58,              0.99
  5,     5,   19,       1,             0,                 1,              1.0,            85,              1.93
  0,    11,    9,       0,             0,                 5,              1.0,            30,              0.84
  0,     2,   12,       0,             0,                28,              2.0,            11,              0.77
  2,     5,   14,       0,             0,                19,              3.0,            12,              0.65
  5,     6,   19,       1,             0,                29,              1.0,            99,              0.81
  2,     1,   18,       0,             0,                24,              1.0,            80,              0.97
  4,    10,   19,       1,             0,                 4,              1.0,            83,              1.81
  1,     3,    9,       0,             0,                10,              1.0,            39,              0.79
  5,     5,   20,       1,             0,                 8,              1.0,            85,              1.92
  2,     9,   15,       0,             0,                10,              1.0,            44,              1.14
  2,     3,    9,       0,             0,                26,              1.0,            17,              0.79
  3,     2,   10,       0,             0,                23,              1.0,            13,              0.75
  6,    10,    7,       0,             1,                 7,              1.0,            91,              1.35
  0,     2,   21,       0,             0,                24,              2.0,            90,              0.99
  3,     3,   19,       0,             0,                17,              2.0,            93,              0.77
  2,     9,   16,       0,             0,                10,              1.0,            40,              0.97
  5,     5,   11,       1,             0,                11,              1.0,            97,              1.45
  3,     2,   22,       0,             0,                11,              2.0,            84,              1.25
  2,     1,   22,       0,             0,                 1,              1.0,            89,              1.86
  3,     8,   15,       0,             0,                 7,              2.0,            70,              0.99
  6,     3,   15,       0,             0,                16,              2.0,            48,              0.73
  6,     8,    9,       0,             0,                 9,              2.0,            28,              0.74
  2,     5,   12,       0,             1,                 7,              1.0,            87,              1.22
  1,     2,   22,       0,             0,                 2,              3.0,             2,              0.71
  1,    11,   22,       0,             0,                 5,              1.0,            71,              1.61
  4,     9,   11,       1,             0,                17,              1.0,            95,              0.75
  4,     8,   12,       1,             1,                26,              1.0,            75,              0.79
  0,     6,   11,       0,             0,                22,              1.0,            20,              0.95
  1,     6,   13,       0,             0,                25,              2.0,            11,              0.73
  4,     2,   17,       1,             0,                15,              1.0,            78,              0.96
  3,     2,   21,       0,             0,                12,              3.0,            18,              0.74
  4,     2,   15,       1,             0,                26,              1.0,            88,              0.88
  2,     7,   19,       0,             0,                28,              1.0,            89,              0.88
  4,     1,    7,       1,             0,                17,              1.0,            80,              0.84
  4,     1,   23,       1,             0,                26,              3.0,            22,              0.6
  0,    12,    8,       0,             0,                13,              2.0,            48,              1.26
  1,    11,   15,       0,             0,                23,              3.0,            24,              0.66
  4,    11,   20,       1,             0,                14,              1.0,            99,              0.96
  6,     8,   16,       0,             0,                18,              1.0,            63,              0.74
  4,    12,    9,       1,             0,                 1,              1.0,            72,              1.55
  4,     8,   23,       1,             0,                28,              2.0,            90,              0.95
  6,     3,   15,       0,             0,                 6,              2.0,            58,              1.26
  3,     1,   16,       0,             0,                16,              1.0,            46,              0.98
  6,     2,   14,       0,             0,                 6,              1.0,            34,              0.86
  4,     7,   22,       1,             0,                 5,              2.0,            90,              1.22
  4,     9,   16,       1,             0,                27,              1.0,            94,              0.72
  1,    10,   21,       0,             0,                 2,              1.0,            99,              2.04
  0,     1,   11,       0,             0,                14,              1.0,            11,              0.81
  1,     9,   19,       0,             0,                18,              1.0,            96,              0.94
  0,    11,   16,       0,             0,                17,              2.0,            59,              0.99
  0,    11,   16,       0,             0,                21,              1.0,            37,              0.74
  1,    10,    8,       0,             1,                30,              3.0,             4,              0.76
  3,     5,   10,       0,             0,                10,              1.0,            17,              0.82
  0,    10,    7,       0,             0,                10,              2.0,            36,              1.24
  5,     2,    7,       1,             0,                 1,              3.0,             9,              0.56
  3,     4,   18,       0,             1,                10,              3.0,            25,              0.74
  3,     4,   18,       0,             0,                 4,              3.0,             2,              0.57
  2,     9,   18,       0,             0,                 6,              1.0,            95,              1.69
  5,     1,   16,       1,             0,                27,              3.0,            26,              0.79
  0,     6,   15,       0,             0,                 7,              1.0,            51,              1.24
  6,     7,   13,       0,             0,                18,              1.0,            21,              0.94
  0,     2,   18,       0,             0,                12,              3.0,            19,              0.51
  1,     9,   13,       0,             0,                 5,              1.0,            37,              0.65
  4,     7,   18,       1,             0,                10,              3.0,             9,              0.55
  0,     7,   14,       0,             0,                26,              2.0,            23,              0.72
  0,    10,   20,       0,             0,                10,              2.0,            76,              1.47
  6,    11,   15,       0,             0,                 8,              1.0,            53,              1.29
  0,     4,   23,       0,             0,                 4,              1.0,            43,              0.9
  1,     8,   19,       0,             0,                 4,              3.0,            16,              0.76
  2,    11,   14,       0,             0,                14,              1.0,            34,              0.87
  4,     6,   12,       1,             0,                18,              1.0,            95,              0.71
  3,     7,   14,       0,             0,                27,              3.0,            27,              0.68
  5,     1,   11,       1,             0,                17,              2.0,            78,              0.98
  4,     8,   14,       1,             0,                24,              3.0,             3,              0.76
  1,     6,   23,       0,             0,                14,              1.0,            61,              0.74
  2,     4,    6,       0,             0,                13,              2.0,            65,              1.29
  6,     2,   18,       0,             0,                26,              1.0,            93,              0.93
  0,     4,   15,       0,             0,                18,              1.0,            63,              0.97
  4,     8,   12,       1,             0,                14,              2.0,            81,              0.99
  1,    12,   13,       0,             0,                 9,              2.0,            24,              0.6
  2,     2,   13,       0,             0,                19,              1.0,            39,              0.73
  2,     4,   22,       0,             0,                27,              1.0,            70,              0.76
  1,     7,   10,       0,             0,                25,              1.0,            11,              0.98
  0,    11,   11,       0,             0,                 7,              3.0,            19,              0.51
  5,     6,   20,       1,             0,                 0,              1.0,            78,              1.25
  0,    12,   21,       0,             0,                26,              2.0,            73,              0.87
  1,     5,   17,       0,             0,                 7,              2.0,            90,              1.26
  4,     8,   15,       1,             1,                20,              3.0,             4,              0.73
  4,     8,    6,       1,             0,                23,              1.0,            74,              0.92
  2,    10,   19,       0,             0,                 5,              1.0,            85,              1.87
  6,     3,   11,       0,             0,                 8,              2.0,            32,              0.79
  1,     3,   19,       0,             1,                17,              2.0,            71,              0.71
  2,     7,   22,       0,             0,                22,              1.0,            71,              0.84
  1,     9,   18,       0,             0,                20,              1.0,            99,              0.98
  6,     1,    7,       0,             0,                24,              2.0,            55,              0.97
  3,    12,   10,       0,             1,                11,              1.0,           100,              1.63
  0,     1,   16,       0,             0,                19,              1.0,            33,              0.73
  1,     3,   16,       0,             0,                18,              3.0,             0,              0.74
  1,    10,   20,       0,             1,                24,              2.0,            90,              0.84
  1,     2,    9,       0,             0,                26,              1.0,            11,              0.92
  3,     2,   18,       0,             0,                 5,              1.0,            95,              1.86
  2,    12,   14,       0,             0,                25,              1.0,            25,              0.73
  1,     9,    8,       0,             0,                 0,              1.0,            49,              1.0
  0,     3,   13,       0,             0,                 9,              3.0,            29,              0.77
  1,     6,   10,       0,             1,                12,              1.0,            80,              1.34
  4,     5,    8,       1,             0,                23,              3.0,            21,              0.72
  4,     5,   15,       1,             0,                14,              2.0,            85,              0.96
  3,    10,    6,       0,             0,                 5,              1.0,            70,              1.04
  0,     4,   10,       0,             0,                 2,              2.0,            29,              0.85
  5,     9,    6,       1,             0,                21,              1.0,           100,              0.8
  5,     6,   23,       1,             0,                12,              1.0,            73,              1.29
  5,     2,   16,       1,             0,                17,              1.0,            96,              0.73
  6,     7,   23,       0,             0,                24,              2.0,            68,              0.94
  3,     5,   21,       0,             0,                25,              3.0,            16,              0.7
  1,     4,   20,       0,             0,                 1,              3.0,            16,              0.66
  2,     8,   14,       0,             1,                23,              1.0,            96,              0.9
  0,    10,    9,       0,             0,                15,              1.0,            37,              0.87
  0,     7,   15,       0,             1,                12,              1.0,            93,              1.81
  6,     4,   18,       0,             0,                23,              2.0,            96,              0.76
  2,     4,   14,       0,             0,                16,              1.0,            24,              0.98
  0,     9,   11,       0,             0,                18,              3.0,            13,              0.6
  3,     3,   10,       0,             0,                 0,              1.0,            15,              0.66
  5,     8,   10,       1,             0,                11,              3.0,             0,              0.76
  6,     4,    6,       0,             1,                 0,              1.0,            82,              1.4
  2,    12,   18,       0,             0,                18,              1.0,            70,              0.7
  4,    10,    8,       1,             0,                 3,              1.0,            70,              1.22
  6,     2,   18,       0,             0,                23,              2.0,            96,              0.77
  5,     8,   12,       1,             0,                23,              2.0,            91,              0.86
  6,    10,   20,       0,             0,                19,              1.0,            70,              0.86
  5,     6,   15,       1,             0,                26,              3.0,            30,              0.76
  4,     7,   21,       1,             0,                12,              1.0,            71,              1.22
  4,    10,   22,       1,             0,                 7,              1.0,            73,              1.91
  5,     4,   20,       1,             1,                 3,              1.0,            72,              1.45
  5,    10,   23,       1,             0,                22,              1.0,            86,              0.74
  4,     5,   10,       1,             0,                 6,              2.0,            95,              1.88
  0,     2,   17,       0,             0,                24,              1.0,            83,              0.82
  3,     6,   18,       0,             0,                19,              1.0,            79,              0.87
  5,     5,   18,       1,             0,                 4,              2.0,            73,              1.25
  1,     5,    6,       0,             0,                22,              2.0,            35,              0.91
  1,     3,   13,       0,             0,                19,              3.0,             9,              0.79
  1,     7,   10,       0,             1,                11,              1.0,            72,              1.6
  5,     6,   10,       1,             0,                25,              3.0,            20,              0.79
  3,     5,   11,       0,             0,                 7,              1.0,            24,              0.61
  2,     2,   11,       0,             0,                24,              1.0,            14,              0.87
  2,     2,   23,       0,             0,                13,              3.0,            20,              0.55
  5,     6,   17,       1,             0,                 9,              2.0,            98,              1.52
  0,     1,   20,       0,             0,                 7,              1.0,            83,              1.53
  0,     2,   10,       0,             0,                16,              1.0,            12,              0.71
  5,    12,   11,       1,             0,                28,              1.0,            93,              1.0
  5,     7,    8,       1,             0,                 4,              1.0,            98,              1.41
  4,    12,   17,       1,             1,                23,              1.0,            94,              0.8
  6,    12,   14,       0,             0,                23,              1.0,            38,              0.79
  1,     3,   20,       0,             0,                 7,              3.0,             9,              0.61
  0,     2,    8,       0,             0,                 0,              1.0,            70,              1.29
  5,     5,   21,       1,             0,                 8,              1.0,            87,              1.97
  0,     8,   19,       0,             0,                 5,              3.0,            24,              0.53
  5,     3,   20,       1,             0,                 5,              1.0,            70,              1.61
  6,     7,   18,       0,             0,                29,              2.0,            82,              0.99
  6,     3,   14,       0,             0,                30,              3.0,            28,              0.63
  3,     9,   20,       0,             0,                27,              1.0,            89,              0.79
  3,     2,   11,       0,             0,                20,              1.0,            10,              0.71
  0,     9,   15,       0,             0,                15,              3.0,             4,              0.54
  2,     5,   12,       0,             0,                 9,              2.0,            38,              0.82
  3,     9,   10,       0,             0,                 4,              1.0,            35,              0.79
  6,     5,   17,       0,             0,                 8,              1.0,            75,              1.21
  3,    11,   14,       0,             0,                20,              2.0,            34,              0.74
  5,    12,   21,       1,             0,                17,              1.0,            86,              0.74
  1,     1,   19,       0,             0,                 7,              1.0,            88,              1.83
  4,     9,   11,       1,             0,                16,              1.0,            88,              0.94
  4,     1,   18,       1,             0,                27,              2.0,            81,              0.95
  6,     2,    7,       0,             0,                 5,              2.0,            53,              1.02
  5,    12,   14,       1,             1,                23,              1.0,            97,              0.71
  5,     7,    7,       1,             0,                23,              3.0,            13,              0.5
  1,     8,   10,       0,             0,                23,              2.0,            26,              0.82
  0,     4,   11,       0,             1,                22,              1.0,            89,              0.83
  6,    10,    7,       0,             1,                25,              1.0,           100,              0.7
  2,     8,    9,       0,             0,                24,              2.0,            33,              0.73
  6,     8,   23,       0,             0,                24,              2.0,            70,              0.93
  1,     6,    7,       0,             0,                 8,              1.0,            48,              1.24
  5,     8,   22,       1,             0,                11,              3.0,            20,              0.54
  1,     8,   16,       0,             0,                16,              1.0,            37,              0.71
  1,     9,   22,       0,             0,                26,              1.0,            93,              0.7
  1,     8,    7,       0,             0,                14,              1.0,            56,              0.73
  0,     9,   22,       0,             0,                19,              1.0,            96,              0.75
  1,    11,   18,       0,             0,                15,              2.0,            87,              0.76
  2,     4,    7,       0,             0,                13,              1.0,            36,              1.26
  0,     3,   15,       0,             0,                21,              2.0,            65,              0.81
  2,     8,   22,       0,             1,                 5,              2.0,            91,              1.89
  1,     3,   12,       0,             0,                30,              1.0,            36,              0.74
  4,     1,   18,       1,             0,                24,              1.0,            81,              0.95
  2,     7,   21,       0,             1,                25,              1.0,            91,              0.81
  3,    10,    9,       0,             0,                27,              3.0,            29,              0.61
  5,     3,    8,       1,             0,                23,              1.0,            83,              0.97
  6,     3,   18,       0,             1,                15,              3.0,             6,              0.56
  0,    11,   22,       0,             0,                28,              2.0,            79,              0.95
  5,    12,    9,       1,             0,                27,              1.0,            74,              0.79
  6,     5,   22,       0,             1,                 0,              1.0,            99,              1.87
  3,    10,    8,       0,             0,                10,              3.0,             1,              0.54
  2,     2,   18,       0,             0,                11,              2.0,            92,              1.64
  3,    12,   15,       0,             0,                25,              1.0,            69,              0.96
  1,     5,   23,       0,             1,                 0,              1.0,            96,              1.88
  6,     5,   21,       0,             0,                24,              3.0,            15,              0.65
  6,    10,   19,       0,             0,                 3,              1.0,            77,              1.64
  2,    12,    9,       0,             0,                24,              1.0,            24,              0.97
  2,     2,   10,       0,             0,                11,              2.0,            25,              0.75
  2,     6,   14,       0,             0,                27,              3.0,             1,              0.73
  6,    10,   20,       0,             0,                23,              1.0,            74,              0.79
  2,     7,   17,       0,             0,                13,              2.0,            84,              1.31
  2,     2,   20,       0,             0,                14,              1.0,            96,              0.85
  0,     6,   18,       0,             0,                24,              2.0,            87,              1.0
  6,     4,   21,       0,             0,                 1,              1.0,            85,              1.45
  1,     9,    6,       0,             0,                28,              1.0,            34,              0.95
  4,     6,   20,       1,             0,                12,              1.0,            88,              1.34
  2,     7,   22,       0,             0,                 4,              3.0,             5,              0.67
  6,     5,    7,       0,             0,                13,              1.0,            30,              1.08
  3,    11,   12,       0,             0,                30,              1.0,            36,              0.91
  2,     4,   23,       0,             0,                12,              1.0,            38,              1.04
  1,     4,   22,       0,             0,                16,              2.0,            89,              0.72
  5,    12,    6,       1,             0,                16,              3.0,            16,              0.8
  4,    11,   13,       1,             0,                22,              1.0,            81,              0.93
  2,     1,   17,       0,             0,                21,              1.0,            96,              0.88
  1,     8,   12,       0,             0,                23,              1.0,            38,              0.8
  6,     8,   19,       0,             0,                24,              1.0,            76,              0.9
  5,     6,   19,       1,             0,                23,              1.0,            89,              0.96
  3,    12,   16,       0,             0,                 5,              1.0,            34,              1.13
  6,     1,   13,       0,             0,                16,              1.0,            37,              0.75
  1,     7,   10,       0,             0,                 6,              1.0,            32,              0.65
  5,     3,   21,       1,             0,                24,              1.0,            84,              0.95
  5,     8,   19,       1,             0,                30,              1.0,            83,              0.75
  6,     5,   11,       0,             0,                17,              1.0,            19,              0.78
  4,     7,   23,       1,             0,                11,              1.0,            73,              1.87
  4,     1,   12,       1,             0,                25,              1.0,            70,              0.97
  5,     7,   23,       1,             1,                28,              1.0,            91,              0.82
  3,     2,    7,       0,             0,                 0,              3.0,            14,              0.64
  6,     1,   12,       0,             0,                 2,              1.0,            16,              0.73
  6,     1,   16,       0,             0,                30,              1.0,            67,              0.76
  1,     7,   20,       0,             0,                29,              1.0,            88,              0.77
  0,     8,   11,       0,             0,                25,              1.0,            17,              0.97
  0,     9,   13,       0,             0,                 1,              2.0,            34,              0.88
  2,     1,   11,       0,             0,                19,              2.0,            36,              1.0
  2,     2,   13,       0,             0,                 7,              1.0,            32,              0.65
  6,     8,   11,       0,             0,                 2,              1.0,            28,              0.64
  3,     4,   17,       0,             0,                 9,              3.0,            18,              0.75
  0,     3,   19,       0,             0,                14,              1.0,            80,              0.95
  3,     3,   23,       0,             0,                11,              3.0,            18,              0.65
  4,    12,   17,       1,             1,                23,              1.0,            97,              0.86
  2,     1,   19,       0,             0,                11,              2.0,            97,              1.9
  1,     1,   23,       0,             1,                22,              3.0,            18,              0.79
  6,     3,    7,       0,             0,                24,              1.0,            53,              0.93
  2,     4,    7,       0,             0,                17,              1.0,            32,              0.88
  1,     3,   17,       0,             0,                 7,              1.0,            70,              1.97
  1,     6,    8,       0,             1,                25,              1.0,            90,              0.94
  2,     1,    9,       0,             0,                23,              1.0,            20,              0.79
  6,    12,    7,       0,             0,                12,              1.0,            65,              1.22
  2,    12,   12,       0,             0,                24,              2.0,            16,              0.96
  2,     4,   18,       0,             0,                18,              1.0,            70,              0.94
  0,     6,   23,       0,             0,                 7,              1.0,            47,              1.2
  0,     3,    7,       0,             0,                10,              2.0,            55,              1.03
  6,    10,   10,       0,             0,                 3,              1.0,            40,              0.75
  1,     2,   21,       0,             0,                18,              1.0,            75,              0.72
  0,     7,   11,       0,             0,                27,              1.0,            12,              0.87
  3,     6,    9,       0,             0,                 5,              1.0,            12,              0.81
  0,     8,   17,       0,             0,                12,              1.0,            83,              1.88
  2,     8,   16,       0,             0,                27,              1.0,            55,              0.78
  0,     3,    6,       0,             0,                13,              1.0,            44,              0.91
  4,    10,   11,       1,             0,                28,              1.0,            78,              0.79
  1,     5,    7,       0,             0,                22,              1.0,            52,              0.91
  6,     6,   17,       0,             1,                 3,              1.0,            93,              1.82
  0,    10,    9,       0,             0,                21,              2.0,            26,              0.96
  3,    10,   20,       0,             0,                 8,              1.0,            74,              1.5
  5,     5,   10,       1,             0,                 2,              1.0,            77,              1.77
  2,    11,   16,       0,             0,                17,              2.0,            67,              0.75
  0,     5,   23,       0,             0,                 1,              1.0,            70,              1.05
  4,     4,   12,       1,             0,                24,              1.0,            88,              1.0
  3,     6,    9,       0,             0,                19,              3.0,             5,              0.6
  5,     9,   15,       1,             0,                 8,              1.0,            86,              1.47
  4,     6,   22,       1,             0,                26,              2.0,            75,              0.99
  2,    12,   19,       0,             0,                15,              1.0,            95,              0.75
  5,     9,   14,       1,             0,                 4,              2.0,            94,              1.33
  2,     4,   16,       0,             0,                 2,              2.0,            55,              0.97
  1,     3,   11,       0,             0,                 0,              2.0,            27,              0.66
  5,    11,   18,       1,             0,                28,              3.0,            14,              0.55
  3,     4,   14,       0,             0,                20,              1.0,            37,              0.98
  6,     3,   13,       0,             0,                 2,              1.0,            28,              0.65
  0,     1,   19,       0,             0,                26,              2.0,            71,              0.74
  3,     1,   14,       0,             0,                28,              1.0,            36,              0.72
  4,     6,   19,       1,             0,                 2,              1.0,            79,              1.72
  0,    12,   13,       0,             0,                 1,              2.0,            12,              0.77
  1,     6,   12,       0,             0,                 5,              1.0,            19,              0.85
  0,     2,   13,       0,             0,                 0,              2.0,            23,              0.89
  4,     3,   20,       1,             0,                 1,              1.0,            78,              1.52
  5,    12,   19,       1,             0,                 1,              1.0,            83,              1.9
  3,     5,   12,       0,             0,                22,              3.0,             0,              0.5
  2,     4,   20,       0,             0,                 8,              1.0,            84,              1.86
  5,     3,   13,       1,             0,                 6,              3.0,            28,              0.56
  3,     2,    6,       0,             0,                25,              2.0,            48,              0.91
  3,     5,   10,       0,             0,                22,              1.0,            21,              0.78
  6,     5,    9,       0,             0,                 6,              1.0,            24,              0.74
  3,     9,   17,       0,             0,                13,              3.0,            24,              0.51
  6,    12,   12,       0,             0,                19,              1.0,            29,              0.99
  6,     5,   19,       0,             0,                15,              1.0,            80,              0.73
  4,     8,    6,       1,             0,                26,              2.0,            89,              0.88
  1,     3,   15,       0,             0,                 1,              3.0,             9,              0.67
  3,     5,   14,       0,             0,                 2,              2.0,            15,              0.67
  2,     7,   16,       0,             0,                16,              2.0,            66,              0.78
  4,     1,   11,       1,             0,                 9,              2.0,            81,              1.8
  3,     3,   19,       0,             0,                 1,              1.0,            84,              1.34
  4,     7,   14,       1,             1,                 0,              3.0,             0,              0.68
  1,     9,   16,       0,             0,                10,              1.0,            47,              0.97
  3,    12,   14,       0,             0,                24,              1.0,            10,              0.95
  0,    10,   13,       0,             0,                 2,              1.0,            23,              0.61
  3,    11,   19,       0,             0,                 9,              1.0,            86,              1.96
  4,     5,   14,       1,             0,                 1,              1.0,            82,              1.27
  6,     8,   17,       0,             0,                 8,              3.0,            27,              0.64
  5,     7,   13,       1,             0,                29,              2.0,           100,              0.93
  2,    11,   15,       0,             0,                 2,              1.0,            63,              1.2
  4,     1,    7,       1,             0,                15,              3.0,             5,              0.67
  0,     1,   22,       0,             0,                 1,              2.0,            90,              2.39
  4,     7,    6,       1,             0,                 7,              1.0,            94,              1.91
  0,     6,    7,       0,             0,                 7,              1.0,            57,              1.14
  1,     4,    6,       0,             0,                20,              1.0,            43,              0.71
  3,     8,    9,       0,             0,                 4,              1.0,            15,              0.73
  6,     8,   14,       0,             0,                19,              1.0,            26,              0.84
  5,     9,   19,       1,             0,                16,              2.0,            91,              0.88
  6,     1,   18,       0,             0,                 6,              1.0,            76,              1.44
  6,     3,   22,       0,             0,                27,              2.0,            94,              0.84
  3,     1,   16,       0,             0,                20,              1.0,            31,              0.95
  5,     5,   10,       1,             0,                 3,              2.0,            71,              1.41
  6,     9,   19,       0,             0,                24,              1.0,            97,              0.82
  5,     8,    6,       1,             0,                 6,              1.0,            71,              1.81
  3,     3,    6,       0,             0,                30,              2.0,            67,              0.75
  6,     9,    8,       0,             0,                18,              2.0,            40,              0.85
  4,     3,   19,       1,             0,                30,              3.0,             6,              0.73
  1,     8,    8,       0,             0,                29,              3.0,            17,              0.63
  6,     5,   14,       0,             0,                18,              1.0,            10,              0.76
  5,    10,   23,       1,             0,                21,              1.0,            98,              0.73
  6,     4,   16,       0,             0,                20,              2.0,            31,              0.73
  2,    10,   19,       0,             0,                12,              1.0,            72,              1.69
  6,     9,   20,       0,             0,                11,              1.0,            89,              1.62
  2,     4,   23,       0,             0,                23,              2.0,            45,              0.94
  5,     3,    8,       1,             0,                17,              1.0,            85,              0.85
  0,     7,   18,       0,             0,                 8,              2.0,            91,              1.29
  5,     9,    7,       1,             0,                20,              3.0,            28,              0.73
  5,    11,   10,       1,             0,                20,              1.0,            80,              0.7
  3,     1,    9,       0,             0,                29,              1.0,            14,              0.82
  2,     1,   20,       0,             0,                 6,              1.0,            90,              1.63
  4,    11,    8,       1,             0,                12,              1.0,            75,              1.68
  3,     9,   11,       0,             0,                24,              1.0,            19,              0.95
  2,     1,    6,       0,             0,                16,              1.0,            67,              0.99
  4,     3,   20,       1,             0,                 2,              1.0,            87,              1.8
  4,    11,    9,       1,             0,                28,              3.0,            27,              0.53
  6,     8,   18,       0,             0,                 0,              1.0,            86,              1.89
  0,     4,    9,       0,             0,                20,              2.0,            15,              1.0
  3,     4,   14,       0,             0,                 6,              1.0,            29,              0.71
  5,     3,   14,       1,             0,                16,              2.0,            98,              0.85
  0,     2,   11,       0,             1,                23,              1.0,            91,              0.98
  1,     5,   11,       0,             0,                11,              1.0,            29,              0.61
  0,     3,   13,       0,             0,                 7,              1.0,            27,              0.87
  4,     8,   18,       1,             0,                29,              2.0,            77,              0.88
  5,     8,    6,       1,             0,                24,              1.0,            82,              0.8
  6,    12,   15,       0,             1,                11,              1.0,            94,              1.54
  4,     2,   23,       1,             0,                25,              1.0,           100,              0.78
  0,     4,   18,       0,             0,                 8,              2.0,            98,              1.61
  1,     2,   17,       0,             0,                18,              1.0,            85,              0.77
  2,     5,   18,       0,             0,                 6,              3.0,             7,              0.63
  3,     7,   20,       0,             0,                19,              3.0,            13,              0.59
  0,     3,   17,       0,             0,                18,              2.0,           100,              0.97
  5,     3,   10,       1,             0,                30,              1.0,            89,              0.86
  1,     3,   19,       0,             0,                 4,              1.0,            83,              1.52
  3,    10,   19,       0,             0,                28,              1.0,            89,              1.0
  4,    11,   10,       1,             0,                23,              2.0,           100,              0.92
  1,     4,   16,       0,             0,                23,              1.0,            55,              0.87
  3,    12,   21,       0,             0,                 5,              1.0,            94,              1.55
  2,     2,   13,       0,             0,                 5,              1.0,            40,              0.86
  2,    10,   13,       0,             1,                 6,              2.0,            93,              1.35
  6,    10,    8,       0,             0,                 4,              1.0,            31,              0.9
  0,     5,   15,       0,             1,                21,              2.0,            99,              0.82
  6,    10,    8,       0,             0,                 9,              2.0,            44,              1.24
  6,     5,    8,       0,             0,                 3,              1.0,            63,              1.22
  3,     6,   10,       0,             0,                26,              1.0,            14,              0.71
  4,     9,   19,       1,             0,                26,              2.0,            79,              0.75
  6,    11,   10,       0,             0,                 0,              1.0,            32,              0.79
  0,     9,   11,       0,             0,                26,              1.0,            28,              0.98
  3,     7,    9,       0,             0,                 8,              1.0,            29,              0.72
  4,     9,    7,       1,             0,                27,              1.0,            87,              0.74
  0,     2,   21,       0,             0,                 7,              2.0,            70,              1.56
  3,     7,    9,       0,             0,                13,              1.0,            25,              0.65
  6,    11,   15,       0,             0,                 0,              1.0,            49,              1.1
  0,    12,   11,       0,             0,                30,              1.0,            16,              0.84
  4,     6,   18,       1,             1,                 1,              1.0,            85,              1.36
  1,     2,   21,       0,             0,                11,              1.0,            83,              1.27
  4,    11,   11,       1,             0,                 4,              2.0,            96,              1.7
  6,    10,    8,       0,             0,                16,              1.0,            43,              0.84
  1,     5,   11,       0,             0,                27,              3.0,             8,              0.75
  2,     9,    6,       0,             0,                15,              1.0,            58,              0.92
  4,     7,   10,       1,             0,                10,              3.0,            29,              0.79
  0,    12,   21,       0,             0,                 2,              2.0,            89,              1.85
  3,    11,    7,       0,             0,                22,              1.0,            52,              0.73
  5,     4,   11,       1,             0,                18,              1.0,            78,              0.81
  1,     5,    7,       0,             0,                 2,              1.0,            52,              1.1
  2,     6,   23,       0,             0,                23,              2.0,            36,              0.8
  6,     8,   14,       0,             0,                25,              2.0,            31,              0.81
  4,    11,    9,       1,             0,                 1,              2.0,            96,              2.13
  0,     5,    6,       0,             0,                28,              2.0,            30,              0.92
  2,     5,    9,       0,             0,                 0,              3.0,             7,              0.68
  6,    12,   23,       0,             0,                 2,              2.0,            31,              1.17
  4,     7,   18,       1,             0,                24,              3.0,            23,              0.51
  4,     6,   23,       1,             0,                21,              3.0,            20,              0.79
  5,     1,   20,       1,             0,                 0,              1.0,            80,              1.33
  5,     6,    8,       1,             0,                12,              1.0,            83,              1.77
  1,     4,   13,       0,             0,                13,              1.0,            11,              0.88
  4,     8,   15,       1,             0,                 0,              1.0,            86,              2.43
  6,     7,   21,       0,             1,                23,              3.0,            17,              0.64
  0,    10,   11,       0,             1,                21,              2.0,            89,              0.91
  0,     9,   15,       0,             0,                 2,              1.0,            39,              1.22
  3,     2,    9,       0,             0,                 8,              1.0,            27,              0.61
  1,     7,   13,       0,             0,                 3,              1.0,            30,              0.72
  2,     8,   11,       0,             0,                10,              1.0,            38,              0.74
  0,     8,   21,       0,             0,                11,              2.0,            79,              1.58
  5,     1,   23,       1,             0,                21,              2.0,            99,              0.89
  1,     2,   20,       0,             0,                 9,              1.0,            72,              1.86
  4,     6,   13,       1,             0,                13,              3.0,            15,              0.74
  3,     3,   19,       0,             0,                10,              2.0,            88,              1.5
  0,     6,   13,       0,             0,                 4,              2.0,            12,              0.82
  2,     1,   10,       0,             0,                26,              1.0,            24,              0.7
  3,     9,   18,       0,             1,                29,              2.0,            82,              0.77
  3,     7,   13,       0,             0,                 0,              1.0,            14,              0.82
  5,     2,   19,       1,             0,                 0,              2.0,            88,              1.88
  6,     4,    7,       0,             0,                 5,              1.0,            45,              1.16
  1,     6,   10,       0,             1,                 8,              1.0,            92,              1.36
  3,     6,   20,       0,             0,                11,              1.0,            73,              1.66
  6,     3,   18,       0,             1,                19,              2.0,            83,              0.71
  6,     8,   17,       0,             0,                30,              1.0,            79,              0.9
  2,     5,   10,       0,             1,                 9,              2.0,           100,              1.68
  5,     5,   16,       1,             0,                 2,              1.0,            70,              1.7
  0,    12,   23,       0,             0,                11,              2.0,            63,              0.98
  6,     5,   16,       0,             0,                12,              1.0,            40,              1.14
  5,     6,   10,       1,             0,                19,              1.0,            80,              0.91
  3,     1,   13,       0,             0,                13,              1.0,            23,              0.85
  2,     9,   19,       0,             1,                 0,              1.0,            97,              2.25
  6,     7,   18,       0,             1,                 6,              1.0,            72,              1.49
  2,     1,    8,       0,             0,                 6,              2.0,            34,              1.08
  5,    12,    8,       1,             0,                25,              1.0,            83,              0.72
  4,     8,    7,       1,             0,                 5,              1.0,            72,              1.37
  4,     6,   15,       1,             0,                 8,              1.0,            82,              1.97
  5,    12,   17,       1,             0,                21,              2.0,            92,              0.98
  3,    10,    7,       0,             0,                14,              1.0,            35,              0.93
  4,    11,   23,       1,             0,                30,              2.0,            79,              0.95
  3,    10,   12,       0,             0,                12,              3.0,            17,              0.57
  2,    12,   21,       0,             0,                21,              1.0,            82,              0.86
  0,     6,   20,       0,             1,                 5,              3.0,            23,              0.71
  6,     8,    8,       0,             0,                 7,              3.0,            25,              0.69
  4,     3,   11,       1,             1,                11,              1.0,            77,              1.37
  6,     3,   21,       0,             0,                21,              1.0,            88,              1.0
  3,     5,   14,       0,             1,                27,              1.0,            74,              0.8
  6,     3,   18,       0,             0,                28,              3.0,            12,              0.69
  4,    11,   11,       1,             0,                14,              1.0,            77,              0.89
  5,     3,   13,       1,             0,                27,              1.0,            74,              0.71
  1,    11,   11,       0,             1,                 3,              1.0,            70,              1.25
  4,     4,   13,       1,             0,                 5,              1.0,            79,              1.31
  2,     8,    8,       0,             0,                16,              1.0,            68,              0.7
  5,     8,   16,       1,             0,                27,              1.0,            96,              0.78
  2,     3,   18,       0,             1,                29,              1.0,            83,              0.87
  4,    10,    8,       1,             0,                30,              1.0,            70,              0.7
  6,     7,   15,       0,             0,                 6,              2.0,            41,              1.21
  3,    11,   10,       0,             0,                15,              1.0,            24,              0.77
  0,     7,   22,       0,             0,                 1,              3.0,            12,              0.78
  5,     8,    6,       1,             0,                14,              1.0,            87,              0.81
  1,     7,    7,       0,             0,                10,              1.0,            62,              1.22
  1,    11,   15,       0,             1,                26,              1.0,            85,              0.94
  2,    12,    7,       0,             0,                15,              1.0,            57,              0.84
  6,     6,   22,       0,             0,                14,              1.0,            81,              0.87
  0,     7,   11,       0,             1,                 1,              1.0,            82,              1.35
  4,    11,   17,       1,             0,                25,              2.0,            82,              0.96
  6,     5,   19,       0,             0,                 9,              1.0,            78,              1.45
  3,    11,   12,       0,             0,                29,              1.0,            28,              0.91
  4,    11,   21,       1,             0,                26,              1.0,            78,              0.95
  4,     2,   14,       1,             0,                22,              1.0,            71,              0.88
  4,     6,   16,       1,             1,                 9,              1.0,            95,              1.73
  1,     7,   19,       0,             0,                 4,              1.0,            77,              1.98
  2,     7,    9,       0,             0,                 5,              2.0,            28,              0.81
  4,    11,    8,       1,             0,                29,              1.0,            89,              0.79
  2,     4,   14,       0,             1,                22,              1.0,            91,              0.84
  5,    12,   11,       1,             0,                 6,              2.0,            86,              1.76
  2,     8,   15,       0,             0,                28,              3.0,             5,              0.6
  5,     8,   22,       1,             0,                 2,              2.0,            94,              2.15
  1,     3,   12,       0,             0,                20,              1.0,            25,              0.72
  5,     9,   15,       1,             1,                16,              1.0,            92,              0.72
  5,     4,   14,       1,             0,                11,              1.0,            84,              1.8
  4,    10,   23,       1,             0,                30,              1.0,            70,              0.93
  2,     9,   19,       0,             0,                19,              1.0,            94,              0.94
  1,    11,   23,       0,             0,                 0,              3.0,            27,              0.78
  1,     4,   18,       0,             0,                 1,              2.0,            71,              1.66
  1,     7,    8,       0,             0,                 4,              1.0,            56,              1.03
  2,    12,   20,       0,             0,                13,              3.0,            10,              0.65
  4,     7,   16,       1,             0,                24,              1.0,            85,              0.81
  1,     5,   21,       0,             0,                 0,              1.0,            82,              1.62
  2,     9,   19,       0,             0,                27,              1.0,            91,              0.72
  0,     7,   18,       0,             0,                10,              1.0,            75,              1.91
  6,     5,   14,       0,             1,                16,              1.0,            85,              0.98
  0,     3,   12,       0,             0,                13,              3.0,            13,              0.51
  6,     4,   16,       0,             0,                27,              1.0,            34,              0.84
  1,     7,   12,       0,             1,                19,              1.0,            99,              0.78
  1,     9,   19,       0,             1,                 1,              2.0,            80,              1.79
  4,    10,   23,       1,             0,                19,              2.0,            78,              0.92
  1,     5,    6,       0,             0,                13,              2.0,            68,              1.09
  3,    10,   21,       0,             0,                 8,              1.0,            74,              1.64
  0,     4,   17,       0,             0,                 8,              1.0,            79,              1.45
  0,     8,   12,       0,             0,                24,              1.0,            32,              0.85
  4,     1,   16,       1,             0,                20,              3.0,            18,              0.58
  0,     6,   23,       0,             1,                21,              3.0,             0,              0.55
  4,     5,   14,       1,             0,                27,              2.0,            71,              0.94
  0,     6,   22,       0,             0,                24,              1.0,            86,              0.78
  6,     1,   20,       0,             0,                 9,              1.0,            77,              1.28
  5,     8,   20,       1,             0,                17,              1.0,            81,              0.88
  0,    11,   15,       0,             1,                28,              1.0,            78,              1.0
  5,     9,   11,       1,             0,                16,              1.0,            93,              0.74
  4,     6,   22,       1,             0,                22,              1.0,           100,              0.78
  4,     7,   11,       1,             0,                24,              1.0,            98,              0.83
  5,    11,   17,       1,             0,                12,              2.0,            94,              1.42
  3,     7,   21,       0,             0,                16,              1.0,            97,              0.99
  1,    12,    6,       0,             0,                 5,              2.0,            43,              1.16
  5,    11,    8,       1,             0,                25,              1.0,            98,              0.94
  0,     8,   23,       0,             0,                 9,              2.0,            54,              1.23
  6,     6,   15,       0,             0,                17,              1.0,            31,              0.98
  1,     4,   10,       0,             0,                 4,              1.0,            25,              0.64
  4,     9,    6,       1,             0,                28,              1.0,            85,              0.9
  4,     1,    7,       1,             0,                25,              2.0,            83,              0.79
  2,    12,   23,       0,             0,                14,              1.0,            65,              0.78
  3,     8,   16,       0,             0,                 2,              2.0,            58,              1.07
  2,     6,   12,       0,             0,                 2,              3.0,            28,              0.76
  4,    10,    7,       1,             0,                23,              1.0,            86,              0.72
  4,     2,   16,       1,             0,                 1,              1.0,            79,              1.5
  4,    12,   18,       1,             0,                26,              1.0,            86,              0.78
  4,     8,   19,       1,             0,                 0,              3.0,            30,              0.51
  3,     7,    8,       0,             0,                18,              1.0,            36,              0.75
  5,    11,    6,       1,             0,                10,              2.0,            87,              1.9
  4,     2,   10,       1,             0,                20,              2.0,            86,              0.89
  6,    11,    9,       0,             0,                 4,              2.0,            10,              0.79
  3,     1,   18,       0,             0,                24,              2.0,            89,              0.71
  0,     1,   20,       0,             0,                 7,              1.0,            74,              1.67
  1,     7,   23,       0,             0,                 7,              1.0,            62,              1.17
  6,     7,   15,       0,             0,                14,              3.0,             7,              0.71
  0,     7,   21,       0,             0,                16,              2.0,            97,              0.86
  5,     4,   12,       1,             0,                22,              1.0,            95,              0.85
  1,    12,    9,       0,             0,                26,              2.0,            38,              0.96
  0,     6,   16,       0,             0,                 1,              2.0,            50,              1.08
  0,     6,   10,       0,             0,                16,              1.0,            29,              0.9
  5,     4,   22,       1,             0,                26,              1.0,            71,              0.79
  4,     9,   12,       1,             0,                 2,              1.0,            79,              1.91
  0,    11,    9,       0,             0,                29,              1.0,            30,              0.94
  6,     1,   12,       0,             0,                14,              1.0,            30,              0.93
  6,     9,    8,       0,             0,                18,              2.0,            58,              0.89
  4,     1,   10,       1,             0,                 9,              2.0,            90,              1.41
  3,     9,   15,       0,             0,                15,              1.0,            48,              0.71
  6,     4,   19,       0,             0,                13,              3.0,            26,              0.51
  3,     4,   10,       0,             0,                15,              1.0,            25,              0.85
  1,     2,   17,       0,             0,                15,              1.0,            92,              0.98
  4,    12,   10,       1,             0,                 7,              1.0,            82,              1.97
  6,    12,   12,       0,             0,                 4,              1.0,            12,              0.7
  2,    12,   15,       0,             0,                26,              1.0,            41,              0.79
  3,    12,   17,       0,             1,                11,              2.0,            78,              1.63
  4,     7,   18,       1,             1,                14,              3.0,             9,              0.59
  3,     8,   14,       0,             0,                23,              1.0,            33,              0.89
  2,     9,   15,       0,             0,                29,              2.0,            47,              0.92
  4,     2,   19,       1,             1,                 0,              1.0,           100,              1.91
  1,     2,   22,       0,             0,                12,              1.0,            72,              1.72
  2,     2,   13,       0,             0,                 9,              2.0,            31,              0.74
  5,     1,   14,       1,             0,                 6,              2.0,            95,              1.56
  0,    12,   10,       0,             0,                23,              3.0,            17,              0.62
  5,    11,   13,       1,             0,                24,              3.0,            25,              0.55
  6,    11,   17,       0,             0,                23,              1.0,            93,              0.89
  3,    12,   11,       0,             0,                28,              1.0,            22,              0.84
  0,    10,   18,       0,             0,                13,              1.0,            72,              1.2
  2,    12,   18,       0,             0,                 8,              1.0,           100,              1.94
  1,     3,   10,       0,             0,                 7,              1.0,            28,              0.76
  0,     4,   20,       0,             0,                17,              1.0,            83,              0.85
  4,    12,    6,       1,             1,                27,              1.0,            72,              0.8
  5,     5,   14,       1,             0,                 3,              1.0,            70,              1.69
  1,     4,   17,       0,             1,                 9,              3.0,            29,              0.61
  2,     3,   18,       0,             0,                 3,              1.0,            77,              1.59
  1,     7,   12,       0,             1,                18,              2.0,            81,              0.92
  5,     7,   16,       1,             0,                24,              1.0,            75,              0.85
  3,     7,   14,       0,             0,                 9,              2.0,            10,              0.66
  6,     9,   16,       0,             1,                 5,              2.0,            80,              1.47
  5,    12,   12,       1,             0,                25,              3.0,            24,              0.59
  5,     5,   23,       1,             0,                 4,              1.0,            99,              1.63
  4,     1,   15,       1,             0,                 7,              3.0,             2,              0.58
  2,     5,   18,       0,             0,                22,              1.0,            91,              0.84
  4,     4,   10,       1,             0,                 3,              1.0,            95,              1.67
  4,     9,   20,       1,             0,                10,              1.0,            74,              1.9
  0,     5,    6,       0,             0,                 9,              1.0,            61,              1.16
  3,     2,   22,       0,             0,                22,              1.0,            81,              0.85
  0,     2,   23,       0,             0,                 7,              1.0,            43,              1.13
  2,     2,    8,       0,             0,                13,              1.0,            56,              0.97
  0,     1,   21,       0,             0,                 2,              1.0,            73,              1.24
  5,     7,   22,       1,             0,                 9,              1.0,            94,              1.56
  0,     7,   23,       0,             0,                 0,              1.0,            57,              1.23




